Order ID,Customer ID,Location ID,Time of purchase,PreTax Total,Customer Order,Quantity
1897,3957,101,2024-11-06 00:50:29,16.7,Mocha Frappe Latte:5:3.34,5
7304,7905,104,2024-11-06 21:16:17,27.1,Matcha Latte:5:5.42,5
9623,3957,104,2024-11-03 09:34:35,4.66,Chai Latte:1:4.66,1
8113,7905,100,2024-11-04 07:31:56,4.12,Frappe Latte:1:4.12,1
6606,5124,101,2024-11-01 17:11:46,3.34,Mocha Frappe Latte:1:3.34,1
6925,1471,104,2024-11-05 16:37:32,4.1,Cappuccino:1:4.1,1
1113,9375,103,2024-11-05 22:38:27,11.09,Cinnamon Swirl Bread:1:5.94;Red Velvet Hot Chocolate:1:5.15,2
9532,3738,102,2024-11-06 04:13:55,5.47,Pistachio Frappe Latte:1:5.47,1
1722,3290,103,2024-11-07 11:22:15,14.69,Caramel Frappe Latte:3:3.18;Red Velvet Hot Chocolate:1:5.15,4
9391,6455,104,2024-11-07 13:20:28,26.94,Caramel Frappe Latte:1:3.18;Cinnamon Swirl Bread:4:5.94,5
2420,5630,100,2024-11-01 08:34:01,8.52,Cold Foam Cold Brew:3:2.84,3
4888,3738,102,2024-11-07 00:22:32,3.94,Tiramisu Latte:1:3.94,1
7313,4320,102,2024-11-06 22:45:28,5.39,Strawberry Cheesecake Crown:1:5.39,1
5524,9381,103,2024-11-01 01:55:22,9.22,Madeleines:1:5.51;Hot Apple Cider:1:3.71,2
1674,3738,103,2024-11-04 10:17:58,4.81,Brewed Coffee:1:4.81,1
8216,1905,101,2024-11-05 03:23:09,20.41,Veggie & Cheddar Frittata:4:3.23;Caramel Apple Yogurt:1:4.87;Sausage Breakfast Roll:1:2.62,6
7836,1471,104,2024-11-04 12:36:32,2.65,Yogurt Parfait:1:2.65,1
8801,4245,102,2024-11-03 05:52:32,9.74,Caramel Apple Yogurt:2:4.87,2
8090,9047,103,2024-11-02 06:04:48,3.71,Hot Apple Cider:1:3.71,1
2675,9505,104,2024-11-06 12:55:02,5.42,Matcha Latte:1:5.42,1
2747,2385,104,2024-11-03 22:16:04,6.96,Frappe Latte:1:4.12;Cold Foam Cold Brew:1:2.84,2
3847,9338,103,2024-11-04 12:09:29,9.52,Pain Au Chocolate:2:4.76,2
2450,5144,103,2024-11-02 14:40:08,4.87,Caramel Apple Yogurt:1:4.87,1
5387,9020,102,2024-11-04 11:09:47,8.65,Flat White:1:5.49;Cinnamon Kouign Amann:1:3.16,2
8619,6227,102,2024-11-01 00:21:01,11.22,Cold Brew:2:5.61,2
5002,4649,104,2024-11-06 10:27:46,7.55,Hot Chocolate:1:2.89;Chai Latte:1:4.66,2
5324,9811,104,2024-11-05 15:32:37,3.71,Hot Apple Cider:1:3.71,1
8531,7026,101,2024-11-07 08:22:38,3.33,Pain Au Raisin:1:3.33,1
5933,5117,100,2024-11-05 03:27:03,5.05,Bacon Breakfast Roll:1:5.05,1
2776,6227,101,2024-11-06 09:01:48,5.49,Fresh Grapes:1:5.49,1
5139,7125,100,2024-11-01 01:34:13,3.16,Cinnamon Kouign Amann:1:3.16,1
3911,3169,102,2024-11-05 21:33:34,5.11,Vegan Breakfast Roll:1:5.11,1
5235,8484,101,2024-11-01 01:54:44,3.34,Mocha Frappe Latte:1:3.34,1
8603,6594,104,2024-11-06 06:38:58,12.01,Hard Boiled Eggs:1:2.73;Espresso Macchiato:1:3.79;Flat White:1:5.49,3
4673,2806,101,2024-11-04 03:47:35,2.89,Hot Chocolate:1:2.89,1
3327,8025,101,2024-11-02 16:37:57,4.12,Frappe Latte:1:4.12,1
2639,4875,103,2024-11-05 06:02:40,9.54,Frappe Latte:1:4.12;Matcha Latte:1:5.42,2
2931,5124,103,2024-11-03 07:54:11,10.98,Fresh Grapes:2:5.49,2
9188,4093,103,2024-11-04 03:49:31,4.67,Eggnog Latte:1:4.67,1
8888,7883,102,2024-11-03 17:06:22,5.51,Madeleines:1:5.51,1
8391,4262,104,2024-11-04 15:43:32,2.84,Cold Foam Cold Brew:1:2.84,1
7594,7883,102,2024-11-05 05:06:38,4.66,Chai Latte:1:4.66,1
3306,3703,101,2024-11-04 15:41:47,3.79,Espresso Macchiato:1:3.79,1
7714,2370,103,2024-11-05 16:38:48,5.57,Americano:1:5.57,1
9299,5630,103,2024-11-05 06:38:14,11.43,Roasted Tomato Breakfast Roll:3:3.81,3
6126,9524,104,2024-11-04 15:14:20,3.23,Veggie & Cheddar Frittata:1:3.23,1
9332,4021,102,2024-11-06 11:34:49,10.09,Cinnamon Kouign Amann:1:3.16;Cinnamon Bun:1:2.84;Espresso Con Panna:1:4.09,3
7668,6767,104,2024-11-05 20:01:01,4.27,Almond Croissant:1:4.27,1
8832,4649,101,2024-11-07 09:27:44,28.63,Butter Crumb Cake:1:4.63;Iced Mocha:5:4.8,6
2410,6767,102,2024-11-03 15:01:55,3.79,Espresso Macchiato:1:3.79,1
2466,7922,103,2024-11-06 22:03:48,3.71,Hot Apple Cider:1:3.71,1
6826,7883,102,2024-11-02 04:38:30,4.8,Iced Mocha:1:4.8,1
1050,2394,102,2024-11-06 22:45:01,21.06,Hot Apple Cider:1:3.71;Almond Croissant:2:4.27;Pistachio Frappe Latte:1:5.47;Mocha Frappe Latte:1:3.34,5
9955,7218,103,2024-11-05 18:11:41,3.71,Hot Apple Cider:1:3.71,1
5577,5528,101,2024-11-02 02:24:08,5.35,Modern Oats Oatmeal:1:5.35,1
1658,9018,104,2024-11-05 13:32:05,13.98,Iced Americano:1:2.61;Espresso Macchiato:3:3.79,4
3689,2113,101,2024-11-01 02:47:40,4.66,Chai Latte:1:4.66,1
2972,8709,101,2024-11-07 22:15:43,5.05,Bacon Breakfast Roll:1:5.05,1
1746,7836,104,2024-11-02 13:14:04,22.24,Sausage & Cheddar Frittata:4:5.56,4
3475,3703,100,2024-11-04 12:42:41,4.66,Chai Latte:1:4.66,1
2147,3965,104,2024-11-07 17:33:01,3.94,Tiramisu Latte:1:3.94,1
4902,9358,102,2024-11-05 11:42:01,2.73,Espresso:1:2.73,1
2326,9047,104,2024-11-05 16:06:57,8.24,Frappe Latte:2:4.12,2
7480,4074,103,2024-11-07 17:08:43,16.26,Single Espresso Ristretto:2:2.64;Fresh Grapes:2:5.49,4
8327,9244,102,2024-11-03 14:04:37,3.94,Tiramisu Latte:1:3.94,1
3049,9381,100,2024-11-03 10:58:47,9.16,Tiramisu Latte:1:3.94;Iced Americano:2:2.61,3
5595,3038,102,2024-11-01 11:40:42,3.23,Veggie & Cheddar Frittata:1:3.23,1
2186,9047,104,2024-11-02 15:13:08,4.66,Chai Latte:1:4.66,1
5095,4748,104,2024-11-02 02:02:34,3.33,Pain Au Raisin:1:3.33,1
8561,5946,100,2024-11-02 08:20:26,5.11,Vegan Breakfast Roll:1:5.11,1
9414,8025,100,2024-11-04 00:57:07,6.36,Caramel Frappe Latte:2:3.18,2
2348,8950,101,2024-11-04 04:35:15,16.56,Mocha:4:4.14,4
7858,4719,102,2024-11-06 14:13:18,4.66,Chai Latte:1:4.66,1
2794,2000,102,2024-11-06 02:50:19,3.16,Cinnamon Kouign Amann:1:3.16,1
8776,2113,104,2024-11-05 03:13:52,5.42,Matcha Latte:1:5.42,1
4532,8905,102,2024-11-04 03:36:44,22.78,Latte:4:4.22;Hot Tea:2:2.95,6
5003,4404,104,2024-11-07 16:24:00,11.94,Yogurt Parfait:1:2.65;Cappuccino:1:4.1;Butter Croissant:1:5.19,3
1513,6460,100,2024-11-01 09:24:03,5.65,Café au Lait:1:5.65,1
2726,1623,100,2024-11-03 07:45:17,5.57,Americano:1:5.57,1
9901,8182,102,2024-11-04 19:52:33,8.0,Vegan Breakfast Roll:1:5.11;Hot Chocolate:1:2.89,2
9501,3844,103,2024-11-07 22:52:52,4.27,Almond Croissant:1:4.27,1
8703,9524,101,2024-11-01 05:56:53,2.62,Sausage Breakfast Roll:1:2.62,1
1933,3169,103,2024-11-03 14:08:56,10.96,Americano:1:5.57;Strawberry Cheesecake Crown:1:5.39,2
8693,7355,102,2024-11-01 16:11:57,5.49,Flat White:1:5.49,1
8299,6594,100,2024-11-06 16:05:18,5.15,Red Velvet Hot Chocolate:1:5.15,1
9415,7125,104,2024-11-06 11:15:12,10.84,Matcha Latte:2:5.42,2
1761,6201,102,2024-11-07 01:31:05,13.32,Pain Au Raisin:4:3.33,4
9147,7026,103,2024-11-06 10:14:37,4.09,Espresso Con Panna:1:4.09,1
2156,8182,100,2024-11-02 11:45:03,15.57,Butter Croissant:3:5.19,3
9748,2103,100,2024-11-04 12:08:29,5.15,Red Velvet Hot Chocolate:1:5.15,1
1190,3645,101,2024-11-01 06:44:18,3.79,Espresso Macchiato:1:3.79,1
9812,4875,102,2024-11-02 02:34:42,4.87,Caramel Apple Yogurt:1:4.87,1
1534,1199,101,2024-11-07 09:07:28,3.23,Veggie & Cheddar Frittata:1:3.23,1
3366,6594,101,2024-11-02 00:24:42,4.76,Pain Au Chocolate:1:4.76,1
8772,8669,101,2024-11-02 01:33:27,14.28,Pain Au Chocolate:3:4.76,3
5052,7016,104,2024-11-04 02:52:29,4.81,Brewed Coffee:1:4.81,1
9496,3726,101,2024-11-02 13:27:13,3.81,Roasted Tomato Breakfast Roll:1:3.81,1
1699,9006,102,2024-11-02 06:29:12,10.19,Flat White:1:5.49;Iced Latte:1:4.7,2
3176,2370,101,2024-11-06 12:52:13,10.1,Bacon Breakfast Roll:2:5.05,2
5699,3628,101,2024-11-04 03:35:51,5.65,Café au Lait:1:5.65,1
5616,4320,104,2024-11-04 08:06:41,12.33,Caramel Latte:3:4.11,3
4920,5454,101,2024-11-05 17:52:52,9.74,Caramel Apple Yogurt:2:4.87,2
1230,6187,102,2024-11-07 13:12:47,4.14,Caramel Apple Bread:1:4.14,1
6560,7015,102,2024-11-02 02:30:04,14.61,Caramel Apple Yogurt:3:4.87,3
6819,1132,102,2024-11-03 20:54:38,8.28,Mocha:2:4.14,2
2109,4285,100,2024-11-03 16:10:46,5.46,Hard Boiled Eggs:2:2.73,2
5146,7922,104,2024-11-04 08:27:06,4.11,Caramel Latte:1:4.11,1
9272,3358,102,2024-11-03 16:42:21,3.18,Caramel Frappe Latte:1:3.18,1
6736,3660,102,2024-11-05 11:05:36,5.9,Hot Tea:2:2.95,2
1811,1615,104,2024-11-01 07:27:08,5.42,Matcha Latte:1:5.42,1
5025,9974,100,2024-11-04 17:21:17,13.73,Roasted Tomato Breakfast Roll:1:3.81;Vegan Breakfast Roll:1:5.11;Brewed Coffee:1:4.81,3
4714,9139,102,2024-11-06 11:43:45,3.94,Tiramisu Latte:1:3.94,1
6306,7988,102,2024-11-02 08:35:45,3.33,Pain Au Raisin:1:3.33,1
1533,7922,103,2024-11-02 18:51:12,7.73,Tiramisu Latte:1:3.94;Espresso Macchiato:1:3.79,2
5890,6298,101,2024-11-02 08:02:17,2.84,Cold Foam Cold Brew:1:2.84,1
9334,7016,103,2024-11-04 16:16:04,5.43,Cortado:1:5.43,1
5500,1732,104,2024-11-04 02:37:02,11.43,Cinnamon Kouign Amann:2:3.16;Vegan Breakfast Roll:1:5.11,3
7753,7634,104,2024-11-06 07:27:48,3.79,Espresso Macchiato:1:3.79,1
2217,4160,100,2024-11-03 02:07:57,5.39,Strawberry Cheesecake Crown:1:5.39,1
4652,1109,103,2024-11-04 13:04:04,5.83,Yogurt Parfait:1:2.65;Caramel Frappe Latte:1:3.18,2
2767,2032,100,2024-11-05 17:34:28,3.94,Tiramisu Latte:1:3.94,1
6575,9990,103,2024-11-03 05:34:31,12.72,Caramel Frappe Latte:4:3.18,4
9002,2000,100,2024-11-05 10:25:35,4.81,Brewed Coffee:1:4.81,1
2596,1043,104,2024-11-06 05:16:25,4.63,Butter Crumb Cake:1:4.63,1
8744,8147,104,2024-11-04 22:01:06,2.84,Cinnamon Bun:1:2.84,1
6049,5927,103,2024-11-03 11:45:12,27.04,Pistachio Frappe Latte:1:5.47;Chai Latte:3:4.66;Iced Latte:1:4.7;Hot Chocolate:1:2.89,6
5712,3416,100,2024-11-07 19:54:34,4.7,Iced Latte:1:4.7,1
8297,7125,101,2024-11-06 22:20:19,9.69,Veggie & Cheddar Frittata:3:3.23,3
3248,1663,104,2024-11-07 14:12:54,4.76,Pain Au Chocolate:1:4.76,1
3940,5564,102,2024-11-04 02:30:32,2.62,Sausage Breakfast Roll:1:2.62,1
6366,9524,100,2024-11-03 11:06:43,5.61,Cold Brew:1:5.61,1
5840,2875,100,2024-11-01 05:00:29,4.95,Ham & Cheese Croissant:1:4.95,1
2544,1734,103,2024-11-06 18:42:18,5.57,Americano:1:5.57,1
1115,8813,103,2024-11-07 09:01:34,2.84,Cold Foam Cold Brew:1:2.84,1
7808,9763,102,2024-11-02 14:31:20,5.22,Iced Americano:2:2.61,2
5150,1005,101,2024-11-04 06:17:00,3.34,Mocha Frappe Latte:1:3.34,1
5218,3351,104,2024-11-04 14:24:23,5.56,Sausage & Cheddar Frittata:1:5.56,1
6100,5927,100,2024-11-03 22:35:17,5.42,Matcha Latte:1:5.42,1
4009,5333,103,2024-11-06 15:48:46,3.34,Mocha Frappe Latte:1:3.34,1
6112,2961,101,2024-11-01 09:25:21,3.81,Roasted Tomato Breakfast Roll:1:3.81,1
3849,5804,102,2024-11-04 05:04:38,4.11,Caramel Latte:1:4.11,1
2498,8669,104,2024-11-05 12:50:01,4.22,Latte:1:4.22,1
1227,7634,101,2024-11-07 11:05:34,3.23,Veggie & Cheddar Frittata:1:3.23,1
4845,5552,103,2024-11-02 07:29:23,4.8,Iced Mocha:1:4.8,1
5678,3130,100,2024-11-05 08:15:45,2.84,Cold Foam Cold Brew:1:2.84,1
2690,1801,101,2024-11-01 14:02:24,4.76,Pain Au Chocolate:1:4.76,1
2526,9020,103,2024-11-06 18:22:22,4.95,Ham & Cheese Croissant:1:4.95,1
3481,9375,102,2024-11-02 12:18:05,5.57,Americano:1:5.57,1
4458,1233,101,2024-11-02 19:46:25,3.23,Veggie & Cheddar Frittata:1:3.23,1
9611,1905,102,2024-11-07 02:04:26,4.66,Chai Latte:1:4.66,1
7284,7279,102,2024-11-07 19:30:48,3.94,Tiramisu Latte:1:3.94,1
3726,2972,100,2024-11-05 08:49:04,5.39,Strawberry Cheesecake Crown:1:5.39,1
7095,4069,101,2024-11-04 10:55:55,29.92,Caramel Apple Yogurt:5:4.87;Americano:1:5.57,6
1798,3660,103,2024-11-03 09:53:44,11.36,Cinnamon Bun:4:2.84,4
9742,4658,104,2024-11-03 08:16:29,6.32,Cinnamon Kouign Amann:2:3.16,2
7197,5545,104,2024-11-05 12:54:05,2.89,Hot Chocolate:1:2.89,1
2636,4451,104,2024-11-05 19:55:49,15.2,Latte:1:4.22;Flat White:2:5.49,3
3235,4619,100,2024-11-03 04:53:24,7.58,Espresso Macchiato:2:3.79,2
3673,2602,103,2024-11-02 15:35:09,26.62,Single Espresso Ristretto:1:2.64;Hot Tea:5:2.95;Roasted Tomato Breakfast Roll:1:3.81;Matcha Latte:1:5.42,8
4821,8080,102,2024-11-01 09:13:24,9.74,Caramel Apple Yogurt:2:4.87,2
2142,9375,100,2024-11-05 03:13:44,9.85,Iced Mocha:1:4.8;Bacon Breakfast Roll:1:5.05,2
9110,8848,104,2024-11-04 06:14:20,10.78,Strawberry Cheesecake Crown:2:5.39,2
3238,1517,102,2024-11-04 14:15:17,2.95,Hot Tea:1:2.95,1
1261,5630,101,2024-11-07 10:46:36,2.73,Espresso:1:2.73,1
6362,1497,104,2024-11-06 01:15:32,3.81,Roasted Tomato Breakfast Roll:1:3.81,1
4555,7905,102,2024-11-04 05:18:29,10.91,Pistachio Frappe Latte:1:5.47;Apple Cider Donut:1:5.44,2
9615,9805,102,2024-11-07 16:34:38,16.68,Sausage & Cheddar Frittata:3:5.56,3
4498,6123,104,2024-11-05 13:54:07,2.89,Hot Chocolate:1:2.89,1
4934,8813,101,2024-11-04 19:33:37,4.63,Butter Crumb Cake:1:4.63,1
9579,5117,102,2024-11-02 13:37:10,3.94,Tiramisu Latte:1:3.94,1
8149,5406,104,2024-11-03 09:24:20,3.71,Hot Apple Cider:1:3.71,1
8577,7084,104,2024-11-05 06:43:09,3.34,Mocha Frappe Latte:1:3.34,1
4096,1005,102,2024-11-03 19:25:57,2.73,Hard Boiled Eggs:1:2.73,1
5660,6981,104,2024-11-05 19:04:47,5.94,Cinnamon Swirl Bread:1:5.94,1
4757,9944,102,2024-11-02 11:46:03,21.66,Hot Chocolate:4:2.89;Eggnog Latte:1:4.67;Cortado:1:5.43,6
9401,2658,103,2024-11-01 17:52:00,19.24,Brewed Coffee:4:4.81,4
4723,1734,104,2024-11-01 07:00:53,4.1,Cappuccino:1:4.1,1
5330,3558,100,2024-11-07 03:33:16,5.42,Matcha Latte:1:5.42,1
2476,1976,104,2024-11-02 15:08:20,4.58,Blueberry Overnight Oats:1:4.58,1
8996,3894,101,2024-11-06 02:57:52,35.39,Chai Latte:1:4.66;Tiramisu Latte:1:3.94;White Chocolate Mocha:1:3.64;Butter Crumb Cake:5:4.63,8
1369,1218,102,2024-11-03 02:50:28,7.43,Iced Latte:1:4.7;Hard Boiled Eggs:1:2.73,2
7743,9495,104,2024-11-02 03:00:04,17.29,Cappuccino:1:4.1;Iced Latte:1:4.7;Latte:1:4.22;Almond Croissant:1:4.27,4
5013,4981,103,2024-11-07 13:58:31,2.84,Cold Foam Cold Brew:1:2.84,1
8091,4565,103,2024-11-06 19:19:31,4.7,Iced Latte:1:4.7,1
5428,6035,104,2024-11-02 20:38:36,18.06,Butter Crumb Cake:2:4.63;Pain Au Raisin:1:3.33;Pistachio Frappe Latte:1:5.47,4
3883,4477,104,2024-11-04 01:02:43,5.42,Matcha Latte:1:5.42,1
7211,8850,103,2024-11-03 03:56:53,13.1,Sausage Breakfast Roll:5:2.62,5
3291,6233,102,2024-11-04 06:41:30,3.34,Mocha Frappe Latte:1:3.34,1
9013,3547,103,2024-11-03 11:14:17,3.34,Mocha Frappe Latte:1:3.34,1
1808,3755,101,2024-11-06 22:25:58,5.49,Fresh Grapes:1:5.49,1
4651,2359,103,2024-11-07 13:24:50,3.64,White Chocolate Mocha:1:3.64,1
7460,2893,103,2024-11-06 21:29:23,5.94,Cinnamon Swirl Bread:1:5.94,1
9354,7749,102,2024-11-04 13:23:03,4.66,Chai Latte:1:4.66,1
3679,5066,103,2024-11-04 12:07:05,5.56,Sausage & Cheddar Frittata:1:5.56,1
7274,2182,102,2024-11-03 20:20:46,39.63,Espresso:5:2.73;Single Espresso Ristretto:1:2.64;Red Velvet Hot Chocolate:2:5.15;Caramel Apple Bread:2:4.14;Pain Au Chocolate:1:4.76,11
1174,8863,104,2024-11-02 18:28:11,4.81,Brewed Coffee:1:4.81,1
5554,7009,103,2024-11-07 07:28:38,13.74,Blueberry Overnight Oats:3:4.58,3
8478,9417,100,2024-11-07 08:18:21,31.36,Cappuccino:1:4.1;Yogurt Parfait:5:2.65;Eggnog Latte:3:4.67,9
5250,7659,101,2024-11-01 01:17:01,4.1,Cappuccino:1:4.1,1
3121,8950,103,2024-11-03 18:40:22,23.78,Single Espresso Ristretto:1:2.64;Caramel Apple Yogurt:1:4.87;Sausage & Cheddar Frittata:1:5.56;Sausage Breakfast Roll:2:2.62;Pistachio Frappe Latte:1:5.47,6
9256,8080,102,2024-11-04 13:30:13,2.73,Hard Boiled Eggs:1:2.73,1
2069,3495,104,2024-11-02 10:50:04,4.87,Caramel Apple Yogurt:1:4.87,1
3365,1615,102,2024-11-03 02:26:03,5.49,Flat White:1:5.49,1
3161,7462,101,2024-11-05 19:08:31,3.79,Espresso Macchiato:1:3.79,1
9449,9136,103,2024-11-07 11:13:17,3.71,Hot Apple Cider:1:3.71,1
9275,7301,102,2024-11-05 10:35:38,5.47,Pistachio Frappe Latte:1:5.47,1
6298,6298,102,2024-11-02 22:06:12,4.09,Espresso Con Panna:1:4.09,1
4078,9603,100,2024-11-07 20:15:10,4.58,Blueberry Overnight Oats:1:4.58,1
5604,6981,101,2024-11-02 09:45:54,10.84,Matcha Latte:2:5.42,2
7879,3502,102,2024-11-03 00:20:41,2.84,Cold Foam Cold Brew:1:2.84,1
3599,9136,104,2024-11-06 01:44:01,3.81,Roasted Tomato Breakfast Roll:1:3.81,1
6419,1591,101,2024-11-02 15:17:26,4.87,Caramel Apple Yogurt:1:4.87,1
4622,9555,104,2024-11-06 21:30:53,10.98,Flat White:2:5.49,2
1952,7825,101,2024-11-05 14:30:14,3.94,Tiramisu Latte:1:3.94,1
7432,7279,104,2024-11-01 16:53:30,29.76,Yogurt Parfait:4:2.65;Eggnog Latte:3:4.67;Red Velvet Hot Chocolate:1:5.15,8
5727,3645,101,2024-11-05 16:20:31,4.87,Caramel Apple Yogurt:1:4.87,1
2859,1075,103,2024-11-07 13:42:12,4.81,Brewed Coffee:1:4.81,1
8618,9907,101,2024-11-01 16:05:38,4.14,Mocha:1:4.14,1
4424,9507,102,2024-11-06 01:05:47,39.1,Butter Crumb Cake:1:4.63;Café au Lait:1:5.65;Brewed Coffee:2:4.81;Iced Mocha:4:4.8,8
9963,5883,101,2024-11-07 18:26:48,8.05,Sausage Breakfast Roll:1:2.62;Cortado:1:5.43,2
7290,5144,104,2024-11-07 02:37:12,3.23,Veggie & Cheddar Frittata:1:3.23,1
8941,2602,103,2024-11-07 21:06:17,3.16,Cinnamon Kouign Amann:1:3.16,1
9895,4160,101,2024-11-04 02:23:55,7.32,Sausage Breakfast Roll:1:2.62;Iced Latte:1:4.7,2
2763,7219,102,2024-11-06 22:24:15,2.73,Espresso:1:2.73,1
6762,1109,100,2024-11-03 05:27:50,2.61,Iced Americano:1:2.61,1
7852,7057,104,2024-11-04 18:32:24,5.24,Sausage Breakfast Roll:2:2.62,2
3754,2198,103,2024-11-05 16:14:54,4.8,Iced Mocha:1:4.8,1
1972,9907,103,2024-11-03 08:21:10,4.14,Mocha:1:4.14,1
7908,5142,104,2024-11-04 08:02:11,4.11,Caramel Latte:1:4.11,1
4460,5177,103,2024-11-05 11:19:17,3.18,Caramel Frappe Latte:1:3.18,1
7526,8281,104,2024-11-05 05:33:31,2.95,Hot Tea:1:2.95,1
7106,3358,104,2024-11-05 03:22:16,5.47,Pistachio Frappe Latte:1:5.47,1
7205,6152,104,2024-11-01 17:54:05,12.96,Brewed Coffee:2:4.81;Mocha Frappe Latte:1:3.34,3
2386,2164,102,2024-11-03 13:40:36,2.89,Hot Chocolate:1:2.89,1
1317,8690,102,2024-11-04 06:24:25,5.94,Cinnamon Swirl Bread:1:5.94,1
2532,5851,104,2024-11-07 20:20:21,28.48,Café au Lait:1:5.65;Butter Croissant:2:5.19;Caramel Frappe Latte:1:3.18;Hot Apple Cider:1:3.71;Sausage & Cheddar Frittata:1:5.56,6
8189,3547,100,2024-11-05 12:15:56,15.8,Cinnamon Kouign Amann:5:3.16,5
2775,7836,104,2024-11-03 05:26:23,3.18,Caramel Frappe Latte:1:3.18,1
5175,7530,103,2024-11-01 08:35:11,9.53,Caramel Apple Yogurt:1:4.87;Chai Latte:1:4.66,2
8803,5549,103,2024-11-07 03:05:56,5.56,Sausage & Cheddar Frittata:1:5.56,1
3012,5072,103,2024-11-04 08:20:44,5.56,Sausage & Cheddar Frittata:1:5.56,1
9286,2972,102,2024-11-07 13:52:07,5.94,Cinnamon Swirl Bread:1:5.94,1
5216,3502,101,2024-11-04 13:28:08,5.44,Apple Cider Donut:1:5.44,1
4672,1905,103,2024-11-03 00:37:46,4.7,Iced Latte:1:4.7,1
1451,5927,100,2024-11-07 17:25:01,17.93,Frappe Latte:3:4.12;Americano:1:5.57,4
3893,1591,100,2024-11-07 22:28:01,5.39,Strawberry Cheesecake Crown:1:5.39,1
1146,6725,100,2024-11-01 14:09:57,8.28,Bacon Breakfast Roll:1:5.05;Veggie & Cheddar Frittata:1:3.23,2
9319,9876,103,2024-11-05 18:35:32,5.39,Strawberry Cheesecake Crown:1:5.39,1
1896,7357,104,2024-11-02 13:26:05,12.33,Caramel Latte:3:4.11,3
7401,4494,103,2024-11-03 03:10:08,5.94,Cinnamon Swirl Bread:1:5.94,1
7464,7100,102,2024-11-07 21:05:02,3.71,Hot Apple Cider:1:3.71,1
6711,4565,100,2024-11-07 01:53:44,8.18,Espresso Con Panna:2:4.09,2
7164,6591,101,2024-11-05 14:08:36,4.27,Almond Croissant:1:4.27,1
1519,5329,101,2024-11-01 09:17:57,5.49,Fresh Grapes:1:5.49,1
9779,6636,100,2024-11-01 07:41:27,4.63,Butter Crumb Cake:1:4.63,1
1547,3863,102,2024-11-06 07:56:29,21.76,Apple Cider Donut:4:5.44,4
4289,6859,104,2024-11-04 12:29:13,3.18,Caramel Frappe Latte:1:3.18,1
7279,1801,100,2024-11-03 19:24:38,4.87,Caramel Apple Yogurt:1:4.87,1
7003,4532,102,2024-11-02 17:09:25,4.87,Caramel Apple Yogurt:1:4.87,1
6578,8547,103,2024-11-02 17:07:29,11.19,Pain Au Raisin:1:3.33;Latte:1:4.22;White Chocolate Mocha:1:3.64,3
2702,3998,102,2024-11-03 01:53:27,23.98,Mocha Frappe Latte:5:3.34;White Chocolate Mocha:2:3.64,7
7258,6460,100,2024-11-05 17:20:08,15.61,Roasted Tomato Breakfast Roll:1:3.81;Hot Tea:3:2.95;Hot Tea:1:2.95,5
8099,5142,103,2024-11-05 07:37:42,5.15,Red Velvet Hot Chocolate:1:5.15,1
4796,2027,100,2024-11-02 03:08:00,6.5,Cinnamon Kouign Amann:1:3.16;Mocha Frappe Latte:1:3.34,2
6570,3800,104,2024-11-06 14:24:04,10.98,Fresh Grapes:2:5.49,2
1495,4730,102,2024-11-06 10:38:35,8.45,Cinnamon Bun:1:2.84;Cold Brew:1:5.61,2
7115,1005,100,2024-11-05 17:23:04,4.63,Butter Crumb Cake:1:4.63,1
3640,9051,101,2024-11-05 02:18:01,5.44,Apple Cider Donut:1:5.44,1
1562,5136,103,2024-11-03 05:47:40,2.61,Iced Americano:1:2.61,1
3799,2198,100,2024-11-07 19:26:01,5.65,Café au Lait:1:5.65,1
6571,4565,101,2024-11-02 13:01:28,5.43,Cortado:1:5.43,1
9616,1732,100,2024-11-01 00:14:50,3.23,Veggie & Cheddar Frittata:1:3.23,1
9218,9944,100,2024-11-02 00:39:03,3.79,Espresso Macchiato:1:3.79,1
7083,2164,100,2024-11-04 00:52:48,5.57,Americano:1:5.57,1
4198,2355,104,2024-11-05 12:13:39,9.4,Iced Latte:2:4.7,2
5396,3558,104,2024-11-06 16:50:52,4.58,Blueberry Overnight Oats:1:4.58,1
7297,6032,101,2024-11-05 03:22:30,3.16,Cinnamon Kouign Amann:1:3.16,1
1293,6456,104,2024-11-07 04:36:05,4.22,Latte:1:4.22,1
8574,3381,101,2024-11-01 12:05:41,4.76,Pain Au Chocolate:1:4.76,1
2346,6636,100,2024-11-03 12:35:50,4.87,Caramel Apple Yogurt:1:4.87,1
5137,8731,101,2024-11-04 01:20:00,4.1,Cappuccino:1:4.1,1
1680,3840,104,2024-11-02 08:06:20,3.71,Hot Apple Cider:1:3.71,1
4635,2359,103,2024-11-07 08:04:11,4.7,Iced Latte:1:4.7,1
6071,4169,101,2024-11-05 18:56:38,13.43,Yogurt Parfait:1:2.65;Strawberry Cheesecake Crown:2:5.39,3
1762,3726,100,2024-11-07 08:11:36,3.79,Espresso Macchiato:1:3.79,1
2352,6195,102,2024-11-03 13:51:00,3.79,Espresso Macchiato:1:3.79,1
2587,7738,101,2024-11-06 20:39:56,4.95,Ham & Cheese Croissant:1:4.95,1
9864,9608,102,2024-11-06 14:31:22,4.1,Cappuccino:1:4.1,1
9675,1941,103,2024-11-07 05:19:57,27.1,Matcha Latte:5:5.42,5
2471,1233,102,2024-11-01 06:39:49,5.35,Modern Oats Oatmeal:1:5.35,1
5417,1941,103,2024-11-04 22:10:38,3.94,Tiramisu Latte:1:3.94,1
1111,9139,101,2024-11-01 00:05:56,4.8,Iced Mocha:1:4.8,1
5525,1878,103,2024-11-01 05:22:04,5.05,Bacon Breakfast Roll:1:5.05,1
4650,5706,103,2024-11-01 02:45:08,14.84,Hot Apple Cider:4:3.71,4
3183,7028,103,2024-11-03 22:18:48,2.95,Hot Tea:1:2.95,1
8534,9812,101,2024-11-07 18:04:39,4.12,Frappe Latte:1:4.12,1
3066,2309,101,2024-11-01 10:47:31,5.15,Red Velvet Hot Chocolate:1:5.15,1
1509,4028,103,2024-11-05 22:29:37,21.94,Pistachio Frappe Latte:1:5.47;Fresh Grapes:3:5.49,4
5206,2470,104,2024-11-07 05:31:56,10.94,Pistachio Frappe Latte:2:5.47,2
3086,9957,104,2024-11-06 22:13:26,5.46,Espresso:2:2.73,2
2969,9020,100,2024-11-02 19:37:30,3.18,Caramel Frappe Latte:1:3.18,1
1739,2372,102,2024-11-06 00:52:28,4.09,Espresso Con Panna:1:4.09,1
4952,4093,100,2024-11-03 06:01:43,5.42,Matcha Latte:1:5.42,1
2845,4028,102,2024-11-07 09:12:22,8.54,Almond Croissant:2:4.27,2
8954,3309,101,2024-11-04 09:18:15,34.98,Pain Au Chocolate:2:4.76;Flat White:1:5.49;Hard Boiled Eggs:1:2.73;Cinnamon Bun:1:2.84;Iced Mocha:3:4.8,8
4694,4721,102,2024-11-06 21:19:06,4.76,Pain Au Chocolate:1:4.76,1
1642,9617,100,2024-11-06 09:31:23,20.76,Butter Croissant:4:5.19,4
6193,9938,104,2024-11-07 17:35:10,3.16,Cinnamon Kouign Amann:1:3.16,1
7968,9410,104,2024-11-02 03:18:15,15.77,Americano:2:5.57;Butter Crumb Cake:1:4.63,3
4330,6453,104,2024-11-01 22:04:22,5.94,Cinnamon Swirl Bread:1:5.94,1
7026,9024,103,2024-11-02 05:49:56,15.15,Bacon Breakfast Roll:3:5.05,3
8265,9580,103,2024-11-02 18:58:20,5.78,Hot Chocolate:2:2.89,2
2292,4277,103,2024-11-04 08:11:52,8.21,Single Espresso Ristretto:1:2.64;Americano:1:5.57,2
9199,2571,100,2024-11-04 01:38:54,4.67,Eggnog Latte:1:4.67,1
6031,5915,104,2024-11-07 07:27:50,5.11,Vegan Breakfast Roll:1:5.11,1
9028,9175,100,2024-11-06 19:54:42,4.09,Espresso Con Panna:1:4.09,1
9932,2875,103,2024-11-06 14:07:28,4.58,Blueberry Overnight Oats:1:4.58,1
1413,3558,101,2024-11-03 21:52:19,5.61,Cold Brew:1:5.61,1
5037,9313,103,2024-11-04 19:11:28,8.13,Caramel Frappe Latte:1:3.18;Ham & Cheese Croissant:1:4.95,2
6436,4285,100,2024-11-07 21:16:36,13.1,Sausage Breakfast Roll:5:2.62,5
9485,1822,102,2024-11-07 15:44:07,15.6,Pain Au Chocolate:1:4.76;Matcha Latte:2:5.42,3
4929,8954,100,2024-11-06 11:35:23,5.47,Pistachio Frappe Latte:1:5.47,1
8293,9974,103,2024-11-05 06:51:55,7.31,Blueberry Overnight Oats:1:4.58;Espresso:1:2.73,2
8210,9763,101,2024-11-05 10:54:13,2.65,Yogurt Parfait:1:2.65,1
3852,4967,102,2024-11-07 20:16:03,5.39,Strawberry Cheesecake Crown:1:5.39,1
4353,6983,101,2024-11-06 15:28:27,27.2,Apple Cider Donut:5:5.44,5
7223,2117,103,2024-11-03 17:00:11,21.01,Hot Tea:1:2.95;Pain Au Raisin:1:3.33;Pistachio Frappe Latte:1:5.47;Red Velvet Hot Chocolate:1:5.15;Caramel Latte:1:4.11,5
7534,8761,102,2024-11-03 22:17:22,2.95,Hot Tea:1:2.95,1
5102,3865,104,2024-11-02 07:12:55,5.56,Sausage & Cheddar Frittata:1:5.56,1
1361,1487,100,2024-11-02 16:32:44,4.63,Butter Crumb Cake:1:4.63,1
3240,7253,102,2024-11-05 19:49:21,5.15,Red Velvet Hot Chocolate:1:5.15,1
8657,9852,104,2024-11-04 07:39:24,5.05,Bacon Breakfast Roll:1:5.05,1
7273,5144,101,2024-11-02 14:54:18,4.87,Caramel Apple Yogurt:1:4.87,1
9335,9464,100,2024-11-01 16:32:46,13.65,Espresso:5:2.73,5
2505,6378,100,2024-11-03 01:50:44,3.34,Mocha Frappe Latte:1:3.34,1
3996,6517,102,2024-11-04 05:55:52,2.89,Hot Chocolate:1:2.89,1
7117,5539,104,2024-11-03 22:30:02,4.8,Iced Mocha:1:4.8,1
2387,7470,102,2024-11-02 09:09:52,5.49,Flat White:1:5.49,1
1011,6591,103,2024-11-05 00:26:40,5.43,Cortado:1:5.43,1
1241,3242,101,2024-11-06 10:51:10,2.61,Iced Americano:1:2.61,1
4547,9415,100,2024-11-04 06:49:33,32.92,Strawberry Cheesecake Crown:1:5.39;Café au Lait:1:5.65;Pistachio Frappe Latte:4:5.47,6
5337,4169,101,2024-11-05 00:13:16,5.47,Pistachio Frappe Latte:1:5.47,1
4537,5611,100,2024-11-02 04:22:09,13.81,Flat White:1:5.49;Hot Chocolate:1:2.89;Cortado:1:5.43,3
6662,5732,103,2024-11-03 02:35:33,2.62,Sausage Breakfast Roll:1:2.62,1
9922,1448,104,2024-11-02 00:14:36,5.51,Madeleines:1:5.51,1
1429,6890,104,2024-11-06 07:44:39,3.33,Pain Au Raisin:1:3.33,1
4281,9669,104,2024-11-06 08:05:32,9.46,Modern Oats Oatmeal:1:5.35;Caramel Latte:1:4.11,2
5622,8761,101,2024-11-07 11:04:22,23.6,Mocha:1:4.14;Tiramisu Latte:1:3.94;Yogurt Parfait:2:2.65;Vegan Breakfast Roll:2:5.11,6
8520,8484,103,2024-11-06 02:12:46,5.15,Red Velvet Hot Chocolate:1:5.15,1
6915,8710,103,2024-11-01 13:40:34,5.9,Hot Tea:2:2.95,2
9088,1246,100,2024-11-04 01:57:17,11.93,Hard Boiled Eggs:1:2.73;Hot Apple Cider:1:3.71;Flat White:1:5.49,3
7183,7219,103,2024-11-03 16:07:42,2.73,Hard Boiled Eggs:1:2.73,1
8370,8557,101,2024-11-06 00:32:17,2.65,Yogurt Parfait:1:2.65,1
2625,1822,102,2024-11-04 15:49:23,9.38,Blueberry Overnight Oats:1:4.58;Iced Mocha:1:4.8,2
6767,3949,101,2024-11-01 07:03:11,2.84,Cold Foam Cold Brew:1:2.84,1
7531,2816,103,2024-11-06 21:34:47,26.99,Cortado:3:5.43;Modern Oats Oatmeal:2:5.35,5
3199,9470,104,2024-11-03 11:04:07,5.65,Café au Lait:1:5.65,1
5061,2949,100,2024-11-07 04:27:22,7.42,Hot Apple Cider:2:3.71,2
4727,2230,102,2024-11-05 19:58:06,4.1,Cappuccino:1:4.1,1
5419,5139,103,2024-11-04 02:37:19,4.22,Latte:1:4.22,1
5035,2728,103,2024-11-03 11:38:04,15.17,Caramel Apple Yogurt:1:4.87;Cortado:1:5.43;Caramel Apple Yogurt:1:4.87,3
5121,5360,100,2024-11-05 08:35:24,4.22,Latte:1:4.22,1
1942,6086,103,2024-11-05 09:12:16,10.94,Pistachio Frappe Latte:2:5.47,2
3396,3778,103,2024-11-06 01:46:47,2.65,Yogurt Parfait:1:2.65,1
8616,2318,100,2024-11-06 07:35:25,13.24,Espresso Macchiato:1:3.79;Caramel Apple Yogurt:1:4.87;Blueberry Overnight Oats:1:4.58,3
1263,8748,100,2024-11-07 07:24:54,9.54,Caramel Frappe Latte:3:3.18,3
8891,8850,103,2024-11-05 18:23:54,2.65,Yogurt Parfait:1:2.65,1
3652,3540,100,2024-11-02 00:55:52,5.39,Strawberry Cheesecake Crown:1:5.39,1
4034,6729,100,2024-11-03 11:09:25,5.35,Modern Oats Oatmeal:1:5.35,1
1433,6246,101,2024-11-02 11:07:27,16.88,Latte:4:4.22,4
6841,9475,104,2024-11-01 08:26:50,4.12,Frappe Latte:1:4.12,1
6600,4450,104,2024-11-03 16:48:37,6.32,Cinnamon Kouign Amann:2:3.16,2
8057,2492,104,2024-11-03 21:12:06,28.57,Hard Boiled Eggs:1:2.73;Hot Chocolate:4:2.89;Pain Au Chocolate:2:4.76;Pain Au Chocolate:1:4.76,8
3978,9000,104,2024-11-02 17:01:17,8.65,Fresh Grapes:1:5.49;Cinnamon Kouign Amann:1:3.16,2
2658,2151,100,2024-11-05 14:13:27,10.78,Strawberry Cheesecake Crown:2:5.39,2
1931,1043,103,2024-11-01 06:04:10,3.18,Caramel Frappe Latte:1:3.18,1
9073,8974,100,2024-11-07 21:22:12,4.67,Eggnog Latte:1:4.67,1
9172,5887,100,2024-11-07 00:45:31,5.47,Pistachio Frappe Latte:1:5.47,1
4810,9790,101,2024-11-06 13:36:35,2.73,Espresso:1:2.73,1
5965,5847,100,2024-11-03 22:56:45,5.43,Cortado:1:5.43,1
2736,6517,104,2024-11-01 22:29:36,2.61,Iced Americano:1:2.61,1
3341,9741,103,2024-11-04 07:58:11,9.16,Modern Oats Oatmeal:1:5.35;Roasted Tomato Breakfast Roll:1:3.81,2
7902,7253,104,2024-11-02 01:34:44,13.81,Frappe Latte:1:4.12;Veggie & Cheddar Frittata:3:3.23,4
1216,1663,104,2024-11-05 21:33:28,3.18,Caramel Frappe Latte:1:3.18,1
1248,3547,102,2024-11-01 19:38:23,7.31,Eggnog Latte:1:4.67;Single Espresso Ristretto:1:2.64,2
1117,8710,104,2024-11-01 01:18:21,2.65,Yogurt Parfait:1:2.65,1
6305,8055,102,2024-11-07 14:53:35,61.18,Sausage Breakfast Roll:3:2.62;Caramel Latte:3:4.11;Pistachio Frappe Latte:1:5.47;Flat White:3:5.49;Roasted Tomato Breakfast Roll:5:3.81,15
1729,8040,101,2024-11-07 03:28:21,15.45,Red Velvet Hot Chocolate:3:5.15,3
1900,5025,101,2024-11-05 22:49:35,5.51,Madeleines:1:5.51,1
3543,9809,104,2024-11-02 17:07:42,4.09,Espresso Con Panna:1:4.09,1
6091,8690,100,2024-11-04 20:33:39,4.09,Espresso Con Panna:1:4.09,1
2978,6594,101,2024-11-04 12:46:41,3.33,Pain Au Raisin:1:3.33,1
7422,9852,101,2024-11-02 05:08:01,5.47,Pistachio Frappe Latte:1:5.47,1
1943,8607,102,2024-11-04 18:39:13,4.66,Chai Latte:1:4.66,1
9038,8384,104,2024-11-07 16:55:55,4.87,Caramel Apple Yogurt:1:4.87,1
5969,3547,104,2024-11-02 17:23:37,5.44,Apple Cider Donut:1:5.44,1
7088,2598,101,2024-11-02 16:26:00,15.5,Chai Latte:1:4.66;Matcha Latte:2:5.42,3
7048,4285,103,2024-11-01 09:42:47,13.65,Hard Boiled Eggs:5:2.73,5
1198,4914,102,2024-11-07 20:14:44,2.84,Cold Foam Cold Brew:1:2.84,1
1878,5510,103,2024-11-06 16:29:01,9.4,Iced Latte:2:4.7,2
8494,7015,100,2024-11-07 11:55:49,17.31,Fresh Grapes:1:5.49;Tiramisu Latte:3:3.94,4
7728,7462,101,2024-11-01 21:56:30,2.73,Hard Boiled Eggs:1:2.73,1
4634,1903,102,2024-11-02 09:41:08,5.57,Americano:1:5.57,1
7979,1117,103,2024-11-02 20:52:20,5.61,Cold Brew:1:5.61,1
7834,5327,103,2024-11-04 20:44:46,9.16,Blueberry Overnight Oats:2:4.58,2
9769,5197,104,2024-11-05 10:36:30,8.38,Café au Lait:1:5.65;Hard Boiled Eggs:1:2.73,2
4977,8770,103,2024-11-02 14:29:50,5.05,Bacon Breakfast Roll:1:5.05,1
7952,1084,102,2024-11-01 15:41:23,7.62,Roasted Tomato Breakfast Roll:2:3.81,2
9483,9606,104,2024-11-02 16:33:37,5.61,Cold Brew:1:5.61,1
8138,2103,101,2024-11-06 15:13:07,5.05,Bacon Breakfast Roll:1:5.05,1
3819,8817,103,2024-11-05 11:11:21,24.5,Hot Chocolate:4:2.89;Pain Au Chocolate:1:4.76;Ham & Cheese Croissant:1:4.95;Veggie & Cheddar Frittata:1:3.23,7
6645,4760,104,2024-11-01 05:46:23,5.49,Flat White:1:5.49,1
1047,2636,103,2024-11-03 14:01:46,13.65,Hard Boiled Eggs:5:2.73,5
6884,1084,101,2024-11-06 04:51:56,9.99,Pain Au Raisin:3:3.33,3
5637,2318,101,2024-11-05 18:42:37,4.12,Frappe Latte:1:4.12,1
3294,1628,104,2024-11-05 20:50:47,4.27,Almond Croissant:1:4.27,1
9279,1734,100,2024-11-05 01:57:02,4.63,Butter Crumb Cake:1:4.63,1
2231,7093,100,2024-11-06 09:08:28,3.81,Roasted Tomato Breakfast Roll:1:3.81,1
3458,7560,101,2024-11-07 21:58:15,5.11,Vegan Breakfast Roll:1:5.11,1
4807,2618,101,2024-11-03 15:31:07,5.39,Strawberry Cheesecake Crown:1:5.39,1
1609,5799,100,2024-11-04 21:22:36,11.36,Cold Foam Cold Brew:4:2.84,4
7965,2113,104,2024-11-06 09:58:03,4.87,Caramel Apple Yogurt:1:4.87,1
8854,7189,101,2024-11-05 00:30:44,9.23,Espresso Macchiato:1:3.79;Apple Cider Donut:1:5.44,2
3267,8850,104,2024-11-03 06:40:02,2.65,Yogurt Parfait:1:2.65,1
1387,5705,102,2024-11-05 01:15:00,15.74,Fresh Grapes:1:5.49;Flat White:1:5.49;Pain Au Chocolate:1:4.76,3
2255,2786,102,2024-11-04 05:41:47,9.62,Brewed Coffee:2:4.81,2
2071,7111,104,2024-11-06 11:13:08,9.6,Caramel Latte:1:4.11;Fresh Grapes:1:5.49,2
8899,2961,104,2024-11-06 00:27:08,4.09,Espresso Con Panna:1:4.09,1
4578,9018,104,2024-11-07 22:39:26,4.27,Almond Croissant:1:4.27,1
9225,3716,103,2024-11-07 04:50:02,5.65,Café au Lait:1:5.65,1
7605,4883,101,2024-11-06 17:15:46,5.11,Vegan Breakfast Roll:1:5.11,1
8533,2224,102,2024-11-02 09:47:35,4.63,Butter Crumb Cake:1:4.63,1
1954,1426,103,2024-11-06 06:28:51,4.22,Latte:1:4.22,1
4945,7447,101,2024-11-02 03:25:14,34.63,Pistachio Frappe Latte:1:5.47;Cappuccino:3:4.1;Pistachio Frappe Latte:1:5.47;Hot Tea:2:2.95;Flat White:1:5.49,8
5412,9668,103,2024-11-07 08:50:33,2.73,Hard Boiled Eggs:1:2.73,1
3590,2084,102,2024-11-06 16:10:37,4.87,Caramel Apple Yogurt:1:4.87,1
1426,5049,101,2024-11-02 14:13:47,3.64,White Chocolate Mocha:1:3.64,1
3268,9295,103,2024-11-02 17:04:03,15.45,Red Velvet Hot Chocolate:3:5.15,3
8271,9347,101,2024-11-06 15:11:11,8.23,Sausage Breakfast Roll:1:2.62;Cold Brew:1:5.61,2
1959,1570,101,2024-11-01 08:32:26,4.8,Iced Mocha:1:4.8,1
8799,8749,101,2024-11-02 01:03:16,4.7,Iced Latte:1:4.7,1
5670,9691,102,2024-11-02 04:39:37,4.66,Chai Latte:1:4.66,1
5968,7938,104,2024-11-06 02:14:22,2.64,Single Espresso Ristretto:1:2.64,1
5351,6754,100,2024-11-07 22:44:03,3.81,Roasted Tomato Breakfast Roll:1:3.81,1
6802,2375,100,2024-11-05 04:16:22,3.34,Mocha Frappe Latte:1:3.34,1
7867,6943,101,2024-11-01 11:55:34,4.66,Chai Latte:1:4.66,1
9743,7434,104,2024-11-07 14:15:46,4.09,Espresso Con Panna:1:4.09,1
9059,4943,103,2024-11-07 13:31:20,3.33,Pain Au Raisin:1:3.33,1
4557,3230,104,2024-11-07 17:46:07,10.83,Apple Cider Donut:1:5.44;Strawberry Cheesecake Crown:1:5.39,2
6140,8414,100,2024-11-02 17:54:48,5.9,Hot Tea:2:2.95,2
9753,9435,104,2024-11-06 03:45:43,12.42,Caramel Apple Bread:3:4.14,3
2412,7531,104,2024-11-07 22:40:22,4.12,Frappe Latte:1:4.12,1
3702,9932,101,2024-11-05 04:33:23,28.69,Modern Oats Oatmeal:1:5.35;Mocha:3:4.14;Modern Oats Oatmeal:1:5.35;Americano:1:5.57,6
7467,7866,101,2024-11-01 21:51:34,5.65,Café au Lait:1:5.65,1
1448,8920,103,2024-11-07 21:23:12,5.19,Butter Croissant:1:5.19,1
7540,9938,100,2024-11-05 16:10:23,5.94,Cinnamon Swirl Bread:1:5.94,1
9131,6752,103,2024-11-02 12:21:13,2.89,Hot Chocolate:1:2.89,1
5446,3456,102,2024-11-06 06:41:58,5.47,Pistachio Frappe Latte:1:5.47,1
4269,9224,102,2024-11-05 12:55:04,5.42,Matcha Latte:1:5.42,1
2945,9338,102,2024-11-03 06:03:51,2.61,Iced Americano:1:2.61,1
5029,1753,101,2024-11-01 09:40:01,13.54,Hot Chocolate:3:2.89;Caramel Apple Yogurt:1:4.87,4
6131,7304,103,2024-11-06 17:21:53,10.27,Pistachio Frappe Latte:1:5.47;Iced Mocha:1:4.8,2
4535,2113,101,2024-11-03 09:23:28,34.04,Blueberry Overnight Oats:1:4.58;Iced Latte:1:4.7;Strawberry Cheesecake Crown:1:5.39;White Chocolate Mocha:4:3.64;Brewed Coffee:1:4.81,8
7659,6942,104,2024-11-03 09:19:26,4.67,Eggnog Latte:1:4.67,1
1090,2720,103,2024-11-03 10:30:31,15.37,Strawberry Cheesecake Crown:1:5.39;Vegan Breakfast Roll:1:5.11;Caramel Apple Yogurt:1:4.87,3
5285,5934,104,2024-11-07 17:27:42,18.2,White Chocolate Mocha:5:3.64,5
7360,7374,100,2024-11-03 11:05:52,4.81,Brewed Coffee:1:4.81,1
5928,5037,103,2024-11-07 10:02:21,4.1,Cappuccino:1:4.1,1
8722,4355,104,2024-11-06 08:26:41,2.62,Sausage Breakfast Roll:1:2.62,1
3496,5259,100,2024-11-03 17:32:35,5.05,Bacon Breakfast Roll:1:5.05,1
2677,6511,103,2024-11-03 22:50:48,5.65,Café au Lait:1:5.65,1
5067,9187,100,2024-11-05 17:18:36,4.09,Espresso Con Panna:1:4.09,1
2774,5176,102,2024-11-01 00:18:05,6.18,Mocha Frappe Latte:1:3.34;Cold Foam Cold Brew:1:2.84,2
7478,9409,103,2024-11-02 06:07:17,4.8,Iced Mocha:1:4.8,1
7491,4763,100,2024-11-06 10:37:46,4.09,Espresso Con Panna:1:4.09,1
6973,5915,100,2024-11-02 18:11:34,3.18,Caramel Frappe Latte:1:3.18,1
2741,6321,103,2024-11-05 00:05:11,42.03,Modern Oats Oatmeal:1:5.35;Espresso Macchiato:1:3.79;Flat White:5:5.49;Apple Cider Donut:1:5.44,8
6051,9144,100,2024-11-03 00:49:36,2.64,Single Espresso Ristretto:1:2.64,1
1129,7392,102,2024-11-02 10:45:50,4.67,Eggnog Latte:1:4.67,1
9243,8265,104,2024-11-04 15:16:18,3.33,Pain Au Raisin:1:3.33,1
2229,8910,100,2024-11-07 19:55:30,16.4,Cappuccino:4:4.1,4
9259,1016,100,2024-11-04 14:26:14,7.88,Tiramisu Latte:2:3.94,2
6501,2348,104,2024-11-05 09:37:38,3.18,Caramel Frappe Latte:1:3.18,1
9231,5854,104,2024-11-04 01:40:49,5.42,Matcha Latte:1:5.42,1
9691,9858,103,2024-11-05 19:23:35,14.61,Caramel Apple Yogurt:3:4.87,3
8642,4435,101,2024-11-06 04:40:34,3.79,Espresso Macchiato:1:3.79,1
9433,8265,101,2024-11-03 19:08:17,2.84,Cinnamon Bun:1:2.84,1
1979,5608,102,2024-11-03 05:43:38,5.35,Modern Oats Oatmeal:1:5.35,1
5389,7466,100,2024-11-01 12:23:04,5.51,Madeleines:1:5.51,1
6103,9486,104,2024-11-07 11:39:52,5.84,Hot Chocolate:1:2.89;Hot Tea:1:2.95,2
7067,4519,103,2024-11-03 08:16:55,8.19,Cinnamon Bun:1:2.84;Modern Oats Oatmeal:1:5.35,2
3692,3980,103,2024-11-07 05:09:10,3.71,Hot Apple Cider:1:3.71,1
2770,3225,102,2024-11-02 19:05:58,5.11,Vegan Breakfast Roll:1:5.11,1
7730,5915,103,2024-11-07 21:09:14,5.19,Butter Croissant:1:5.19,1
8978,8974,104,2024-11-03 03:41:51,3.79,Espresso Macchiato:1:3.79,1
1884,2842,101,2024-11-04 04:14:20,9.29,Tiramisu Latte:1:3.94;Modern Oats Oatmeal:1:5.35,2
4862,7855,101,2024-11-06 14:46:09,5.05,Bacon Breakfast Roll:1:5.05,1
9143,2511,103,2024-11-01 14:15:34,2.64,Single Espresso Ristretto:1:2.64,1
4985,1181,103,2024-11-02 02:24:44,3.71,Hot Apple Cider:1:3.71,1
8220,8669,103,2024-11-04 04:10:15,22.9,Frappe Latte:1:4.12;Americano:1:5.57;Roasted Tomato Breakfast Roll:1:3.81;Iced Latte:2:4.7,5
2818,5259,100,2024-11-05 02:20:12,20.44,Vegan Breakfast Roll:4:5.11,4
5209,4693,101,2024-11-05 06:19:08,3.18,Caramel Frappe Latte:1:3.18,1
3133,3561,101,2024-11-06 00:09:37,5.15,Red Velvet Hot Chocolate:1:5.15,1
9253,3463,103,2024-11-04 16:31:34,22.21,White Chocolate Mocha:1:3.64;Flat White:1:5.49;Hot Chocolate:1:2.89;Fresh Grapes:1:5.49;Iced Latte:1:4.7,5
3556,1564,102,2024-11-03 04:32:22,4.7,Iced Latte:1:4.7,1
1324,7946,104,2024-11-04 19:02:55,3.94,Tiramisu Latte:1:3.94,1
9434,1791,103,2024-11-01 08:28:39,3.79,Espresso Macchiato:1:3.79,1
4390,5007,100,2024-11-05 10:30:21,11.88,Cinnamon Swirl Bread:2:5.94,2
4249,4262,100,2024-11-04 20:48:32,8.31,Matcha Latte:1:5.42;Hot Chocolate:1:2.89,2
1575,2829,102,2024-11-07 21:53:12,2.84,Cinnamon Bun:1:2.84,1
1045,2695,101,2024-11-04 17:18:16,4.14,Caramel Apple Bread:1:4.14,1
3084,9299,102,2024-11-06 13:03:54,2.64,Single Espresso Ristretto:1:2.64,1
4261,7752,101,2024-11-06 08:11:30,5.35,Modern Oats Oatmeal:1:5.35,1
7238,5799,101,2024-11-02 16:54:48,3.34,Mocha Frappe Latte:1:3.34,1
8157,1623,104,2024-11-03 17:24:56,3.79,Espresso Macchiato:1:3.79,1
8209,3738,100,2024-11-07 21:34:33,5.81,Cinnamon Kouign Amann:1:3.16;Yogurt Parfait:1:2.65,2
8827,6008,102,2024-11-04 19:55:24,10.98,Fresh Grapes:2:5.49,2
5248,5119,100,2024-11-07 13:28:42,2.65,Yogurt Parfait:1:2.65,1
3390,7324,100,2024-11-07 07:55:44,4.12,Frappe Latte:1:4.12,1
1712,3456,102,2024-11-05 08:42:05,3.23,Veggie & Cheddar Frittata:1:3.23,1
2956,4321,104,2024-11-05 16:43:05,10.02,Mocha Frappe Latte:3:3.34,3
1412,9832,101,2024-11-05 22:58:45,4.27,Almond Croissant:1:4.27,1
2006,6602,100,2024-11-05 13:39:07,4.58,Blueberry Overnight Oats:1:4.58,1
6129,8857,101,2024-11-03 21:16:21,4.81,Brewed Coffee:1:4.81,1
5147,5494,102,2024-11-02 09:35:10,16.83,Cold Brew:3:5.61,3
3535,7836,103,2024-11-06 06:24:44,5.44,Apple Cider Donut:1:5.44,1
6420,7057,104,2024-11-04 07:25:58,5.49,Flat White:1:5.49,1
3934,1581,101,2024-11-04 17:28:49,5.49,Flat White:1:5.49,1
4024,9724,104,2024-11-01 14:51:38,4.87,Caramel Apple Yogurt:1:4.87,1
3630,3122,101,2024-11-07 22:36:58,17.06,Cinnamon Kouign Amann:2:3.16;Strawberry Cheesecake Crown:1:5.39;Modern Oats Oatmeal:1:5.35,4
8254,7172,103,2024-11-05 13:07:04,7.62,Roasted Tomato Breakfast Roll:2:3.81,2
4280,2986,100,2024-11-05 09:20:54,5.61,Cold Brew:1:5.61,1
9466,1282,100,2024-11-04 09:41:30,4.58,Blueberry Overnight Oats:1:4.58,1
6771,7287,103,2024-11-02 05:13:12,3.16,Cinnamon Kouign Amann:1:3.16,1
9504,8903,100,2024-11-04 12:05:31,3.34,Mocha Frappe Latte:1:3.34,1
9355,3746,102,2024-11-06 16:07:03,3.34,Mocha Frappe Latte:1:3.34,1
3097,1418,104,2024-11-07 02:00:32,8.85,Hot Tea:3:2.95,3
2947,4321,103,2024-11-05 11:57:58,4.95,Ham & Cheese Croissant:1:4.95,1
2946,2064,103,2024-11-03 16:08:13,5.56,Sausage & Cheddar Frittata:1:5.56,1
8977,9361,103,2024-11-02 01:21:42,2.65,Yogurt Parfait:1:2.65,1
3885,4415,103,2024-11-04 09:23:01,9.25,Hard Boiled Eggs:2:2.73;Espresso Macchiato:1:3.79,3
9070,7459,100,2024-11-01 09:13:18,10.38,Butter Croissant:2:5.19,2
3577,8394,104,2024-11-04 00:15:22,10.01,Modern Oats Oatmeal:1:5.35;Chai Latte:1:4.66,2
5573,9632,100,2024-11-03 07:30:31,11.3,Café au Lait:2:5.65,2
8266,5007,103,2024-11-04 01:04:33,5.65,Café au Lait:1:5.65,1
7645,7055,101,2024-11-02 12:09:03,9.4,Iced Latte:2:4.7,2
4480,4277,103,2024-11-03 00:19:28,4.87,Caramel Apple Yogurt:1:4.87,1
4033,2309,103,2024-11-04 11:26:28,5.49,Flat White:1:5.49,1
7204,1964,100,2024-11-07 04:49:46,4.63,Butter Crumb Cake:1:4.63,1
2288,6057,102,2024-11-02 04:36:13,4.8,Iced Mocha:1:4.8,1
5931,9195,103,2024-11-05 13:20:25,5.15,Red Velvet Hot Chocolate:1:5.15,1
7775,5369,100,2024-11-01 15:54:13,23.06,Single Espresso Ristretto:1:2.64;Pain Au Raisin:1:3.33;Eggnog Latte:1:4.67;Caramel Apple Bread:3:4.14,6
6203,2375,100,2024-11-07 01:16:10,4.11,Caramel Latte:1:4.11,1
8705,7833,103,2024-11-02 01:19:29,11.22,Cold Brew:2:5.61,2
5533,4451,103,2024-11-07 00:49:24,5.15,Red Velvet Hot Chocolate:1:5.15,1
7845,1623,102,2024-11-06 03:30:35,5.15,Red Velvet Hot Chocolate:1:5.15,1
7532,9003,104,2024-11-02 05:23:56,5.49,Fresh Grapes:1:5.49,1
2501,9931,104,2024-11-03 13:38:38,5.57,Americano:1:5.57,1
9067,7510,101,2024-11-03 17:45:20,4.95,Ham & Cheese Croissant:1:4.95,1
2354,1448,101,2024-11-02 02:47:41,4.95,Ham & Cheese Croissant:1:4.95,1
8361,9812,101,2024-11-04 08:15:13,26.41,Sausage Breakfast Roll:1:2.62;Mocha Frappe Latte:1:3.34;Espresso Con Panna:5:4.09,7
1028,8665,100,2024-11-05 16:34:17,5.47,Pistachio Frappe Latte:1:5.47,1
2496,5630,104,2024-11-05 14:16:08,6.97,Roasted Tomato Breakfast Roll:1:3.81;Cinnamon Kouign Amann:1:3.16,2
4165,5812,101,2024-11-02 13:38:51,38.79,Butter Croissant:5:5.19;Mocha:1:4.14;Pistachio Frappe Latte:1:5.47;Veggie & Cheddar Frittata:1:3.23,8
6677,1218,101,2024-11-07 12:00:47,47.37,Cold Foam Cold Brew:1:2.84;Chai Latte:1:4.66;Sausage Breakfast Roll:1:2.62;Iced Latte:2:4.7;Americano:5:5.57,10
3030,4984,104,2024-11-06 21:01:01,5.43,Cortado:1:5.43,1
2278,7862,103,2024-11-06 19:03:40,12.36,Frappe Latte:3:4.12,3
2358,5197,100,2024-11-07 20:45:52,38.76,Matcha Latte:1:5.42;Americano:3:5.57;Cinnamon Bun:1:2.84;Caramel Latte:2:4.11;Americano:1:5.57,8
6620,7249,100,2024-11-03 15:53:53,10.15,Pain Au Chocolate:1:4.76;Strawberry Cheesecake Crown:1:5.39,2
8024,1659,102,2024-11-05 22:25:26,15.01,Almond Croissant:1:4.27;Cold Foam Cold Brew:1:2.84;Espresso Con Panna:1:4.09;Roasted Tomato Breakfast Roll:1:3.81,4
1119,5500,102,2024-11-03 08:26:10,32.39,Pain Au Raisin:3:3.33;Cortado:1:5.43;Pain Au Raisin:2:3.33;Madeleines:1:5.51;Iced Mocha:1:4.8,8
5713,5468,100,2024-11-06 05:04:53,5.51,Madeleines:1:5.51,1
7408,7370,104,2024-11-01 05:08:07,2.84,Cinnamon Bun:1:2.84,1
4855,5358,103,2024-11-07 15:14:19,20.99,Apple Cider Donut:3:5.44;Eggnog Latte:1:4.67,4
6090,1858,104,2024-11-02 07:34:43,5.51,Madeleines:1:5.51,1
6325,4246,104,2024-11-06 06:11:54,2.73,Espresso:1:2.73,1
3851,6786,101,2024-11-06 08:17:35,4.76,Pain Au Chocolate:1:4.76,1
1505,7659,101,2024-11-07 02:11:30,12.42,Mocha:3:4.14,3
2773,7287,102,2024-11-05 00:56:56,23.8,Pain Au Chocolate:5:4.76,5
1890,8296,100,2024-11-05 12:44:12,5.49,Flat White:1:5.49,1
6690,1985,100,2024-11-04 19:40:01,22.25,Iced Americano:2:2.61;Ham & Cheese Croissant:1:4.95;Hard Boiled Eggs:1:2.73;Sausage & Cheddar Frittata:1:5.56;Espresso Macchiato:1:3.79,6
9098,1422,103,2024-11-04 22:52:25,5.35,Modern Oats Oatmeal:1:5.35,1
1134,9315,100,2024-11-01 02:54:15,4.09,Espresso Con Panna:1:4.09,1
5944,8724,101,2024-11-01 20:19:49,4.11,Caramel Latte:1:4.11,1
3709,9514,102,2024-11-04 16:53:00,4.7,Iced Latte:1:4.7,1
5880,1185,100,2024-11-06 15:35:28,22.79,Espresso Macchiato:1:3.79;Modern Oats Oatmeal:1:5.35;Caramel Frappe Latte:3:3.18;Caramel Latte:1:4.11,6
5378,2339,104,2024-11-06 01:58:58,4.12,Frappe Latte:1:4.12,1
8150,1779,101,2024-11-02 00:18:08,3.81,Roasted Tomato Breakfast Roll:1:3.81,1
4420,6152,102,2024-11-07 19:15:43,7.42,Hot Apple Cider:2:3.71,2
8502,8848,100,2024-11-03 17:35:01,2.64,Single Espresso Ristretto:1:2.64,1
6610,8838,101,2024-11-02 00:39:24,4.8,Iced Mocha:1:4.8,1
1231,8905,102,2024-11-04 05:52:48,9.7,Sausage & Cheddar Frittata:1:5.56;Caramel Apple Bread:1:4.14,2
1806,5545,101,2024-11-01 05:35:01,4.7,Iced Latte:1:4.7,1
4726,8715,104,2024-11-04 11:07:39,20.42,Blueberry Overnight Oats:2:4.58;Café au Lait:1:5.65;Cold Brew:1:5.61,4
4444,7510,104,2024-11-06 01:55:30,9.67,Americano:1:5.57;Cappuccino:1:4.1,2
3991,1622,104,2024-11-06 09:39:42,12.86,Cinnamon Kouign Amann:1:3.16;Cold Brew:1:5.61;Espresso Con Panna:1:4.09,3
5981,5786,100,2024-11-02 11:36:09,4.14,Caramel Apple Bread:1:4.14,1
5766,2639,101,2024-11-06 15:21:58,4.76,Pain Au Chocolate:1:4.76,1
6411,7111,104,2024-11-05 05:40:36,3.33,Pain Au Raisin:1:3.33,1
7380,6759,103,2024-11-03 01:33:35,5.44,Apple Cider Donut:1:5.44,1
1532,5528,103,2024-11-04 05:32:32,2.89,Hot Chocolate:1:2.89,1
3145,6728,103,2024-11-04 14:55:38,4.14,Caramel Apple Bread:1:4.14,1
2022,4767,100,2024-11-04 15:47:11,8.24,Frappe Latte:2:4.12,2
9766,2492,104,2024-11-04 18:03:57,11.8,Hot Tea:4:2.95,4
8921,1968,103,2024-11-06 01:05:42,5.9,Hot Tea:2:2.95,2
2317,7125,101,2024-11-03 21:14:01,5.19,Butter Croissant:1:5.19,1
7010,5119,101,2024-11-05 15:32:20,3.94,Tiramisu Latte:1:3.94,1
7462,1497,101,2024-11-01 00:48:42,4.67,Eggnog Latte:1:4.67,1
9240,5468,100,2024-11-01 18:43:01,5.35,Modern Oats Oatmeal:1:5.35,1
7511,6858,100,2024-11-05 00:34:04,12.42,Mocha:3:4.14,3
6499,2833,100,2024-11-03 22:58:40,3.71,Hot Apple Cider:1:3.71,1
5543,4139,101,2024-11-01 09:35:35,5.61,Cold Brew:1:5.61,1
2635,3289,102,2024-11-04 08:51:11,24.07,Fresh Grapes:1:5.49;Almond Croissant:1:4.27;Vegan Breakfast Roll:2:5.11;Espresso Con Panna:1:4.09,5
2698,8644,104,2024-11-07 01:38:48,11.56,Hot Chocolate:4:2.89,4
1580,7689,104,2024-11-06 13:23:40,8.25,Caramel Latte:1:4.11;Caramel Apple Bread:1:4.14,2
6163,2027,102,2024-11-05 12:12:12,4.81,Brewed Coffee:1:4.81,1
3912,4931,102,2024-11-01 11:50:43,5.15,Red Velvet Hot Chocolate:1:5.15,1
7584,2751,100,2024-11-01 09:40:01,4.81,Brewed Coffee:1:4.81,1
4513,9433,101,2024-11-01 03:38:21,5.49,Flat White:1:5.49,1
2715,3216,102,2024-11-07 13:01:19,4.87,Caramel Apple Yogurt:1:4.87,1
4319,1399,104,2024-11-07 14:21:05,2.65,Yogurt Parfait:1:2.65,1
1728,8120,104,2024-11-05 17:15:53,5.05,Bacon Breakfast Roll:1:5.05,1
7559,8546,103,2024-11-01 19:56:01,9.59,Fresh Grapes:1:5.49;Cappuccino:1:4.1,2
3620,5535,104,2024-11-02 18:32:30,4.66,Chai Latte:1:4.66,1
7481,8561,100,2024-11-03 02:16:03,5.42,Matcha Latte:1:5.42,1
1993,1218,103,2024-11-01 10:30:50,26.35,Café au Lait:1:5.65;Mocha:5:4.14,6
6768,5550,104,2024-11-05 10:20:07,2.95,Hot Tea:1:2.95,1
5148,1437,103,2024-11-05 22:25:02,4.76,Pain Au Chocolate:1:4.76,1
7989,3863,103,2024-11-07 21:33:34,2.73,Espresso:1:2.73,1
4431,9433,102,2024-11-06 00:30:55,5.39,Strawberry Cheesecake Crown:1:5.39,1
4292,6844,101,2024-11-02 20:45:26,5.11,Vegan Breakfast Roll:1:5.11,1
8939,3416,104,2024-11-04 07:13:23,18.64,Chai Latte:4:4.66,4
2650,2266,103,2024-11-04 09:55:56,3.16,Cinnamon Kouign Amann:1:3.16,1
8660,8607,103,2024-11-03 07:14:50,24.63,Cortado:3:5.43;Cold Brew:1:5.61;Hard Boiled Eggs:1:2.73,5
5113,9617,100,2024-11-04 11:28:52,8.72,Veggie & Cheddar Frittata:1:3.23;Fresh Grapes:1:5.49,2
5894,1046,104,2024-11-04 22:33:15,4.63,Butter Crumb Cake:1:4.63,1
2470,3424,103,2024-11-06 22:29:15,2.89,Hot Chocolate:1:2.89,1
6036,2977,100,2024-11-01 00:42:00,14.32,Butter Croissant:2:5.19;Tiramisu Latte:1:3.94,3
2026,9475,104,2024-11-04 08:45:47,4.11,Caramel Latte:1:4.11,1
1417,3349,104,2024-11-03 03:48:27,9.74,Caramel Apple Yogurt:2:4.87,2
4211,8235,100,2024-11-01 03:49:45,3.34,Mocha Frappe Latte:1:3.34,1
4918,9761,102,2024-11-05 10:36:58,5.65,Café au Lait:1:5.65,1
5830,8183,101,2024-11-07 21:25:26,5.39,Strawberry Cheesecake Crown:1:5.39,1
1587,7205,102,2024-11-01 02:26:21,5.56,Sausage & Cheddar Frittata:1:5.56,1
2849,5624,100,2024-11-07 11:56:23,4.95,Ham & Cheese Croissant:1:4.95,1
4397,5829,101,2024-11-06 00:52:24,4.8,Iced Mocha:1:4.8,1
3930,4650,102,2024-11-06 14:29:44,19.8,Cappuccino:1:4.1;Strawberry Cheesecake Crown:1:5.39;Cold Foam Cold Brew:1:2.84;Butter Crumb Cake:1:4.63;Cinnamon Bun:1:2.84,5
9046,5765,103,2024-11-02 17:24:34,4.95,Ham & Cheese Croissant:1:4.95,1
3767,8333,104,2024-11-06 13:03:33,5.39,Strawberry Cheesecake Crown:1:5.39,1
5416,3982,104,2024-11-07 14:15:52,4.14,Mocha:1:4.14,1
7537,6086,103,2024-11-05 03:19:34,8.19,Hard Boiled Eggs:3:2.73,3
4212,8547,101,2024-11-01 21:07:06,7.62,Roasted Tomato Breakfast Roll:2:3.81,2
9427,4363,100,2024-11-05 05:39:21,5.44,Apple Cider Donut:1:5.44,1
7338,3225,104,2024-11-03 14:55:42,5.61,Cold Brew:1:5.61,1
8103,2833,103,2024-11-02 20:32:35,3.18,Caramel Frappe Latte:1:3.18,1
3287,2738,100,2024-11-07 13:49:13,5.56,Sausage & Cheddar Frittata:1:5.56,1
8190,2616,102,2024-11-03 14:02:24,4.09,Espresso Con Panna:1:4.09,1
5684,9520,103,2024-11-06 22:48:25,27.1,Matcha Latte:5:5.42,5
8668,4721,101,2024-11-06 10:14:37,4.67,Eggnog Latte:1:4.67,1
3766,9045,103,2024-11-04 18:19:38,4.27,Almond Croissant:1:4.27,1
8659,9180,101,2024-11-06 17:03:42,16.42,Flat White:2:5.49;Apple Cider Donut:1:5.44,3
7600,8863,104,2024-11-01 12:18:29,4.14,Caramel Apple Bread:1:4.14,1
4479,7093,103,2024-11-01 11:42:34,7.71,Caramel Apple Yogurt:1:4.87;Cinnamon Bun:1:2.84,2
9321,3204,103,2024-11-01 02:23:23,2.95,Hot Tea:1:2.95,1
6572,8162,104,2024-11-01 09:08:26,15.16,Espresso Macchiato:4:3.79,4
7980,4139,104,2024-11-03 13:49:37,5.05,Bacon Breakfast Roll:1:5.05,1
8179,8473,104,2024-11-01 07:02:40,21.15,Frappe Latte:4:4.12;Eggnog Latte:1:4.67,5
9858,2000,101,2024-11-04 14:19:34,5.43,Cortado:1:5.43,1
8146,8472,104,2024-11-01 07:02:05,22.04,Madeleines:4:5.51,4
5798,4274,102,2024-11-02 09:12:40,9.52,Pain Au Chocolate:2:4.76,2
9763,9510,104,2024-11-06 14:43:15,4.14,Caramel Apple Bread:1:4.14,1
7641,1801,101,2024-11-05 07:34:17,12.81,Almond Croissant:3:4.27,3
9651,8861,102,2024-11-05 05:21:09,12.27,Espresso Con Panna:3:4.09,3
2779,5067,100,2024-11-04 17:45:22,15.16,Espresso Macchiato:4:3.79,4
8662,4789,102,2024-11-03 20:14:37,27.85,Matcha Latte:1:5.42;Eggnog Latte:1:4.67;Cinnamon Swirl Bread:1:5.94;Tiramisu Latte:1:3.94;Tiramisu Latte:2:3.94,6
2304,4354,104,2024-11-03 09:19:13,8.19,Espresso:3:2.73,3
6173,6849,102,2024-11-05 03:35:53,25.4,Iced Americano:4:2.61;Espresso Con Panna:1:4.09;Hot Chocolate:1:2.89;Hot Apple Cider:1:3.71;Almond Croissant:1:4.27,8
7116,4446,100,2024-11-03 17:24:35,5.43,Cortado:1:5.43,1
8109,8868,103,2024-11-03 08:24:39,14.35,Veggie & Cheddar Frittata:1:3.23;Sausage & Cheddar Frittata:2:5.56,3
8602,5934,104,2024-11-04 02:44:03,25.18,Caramel Frappe Latte:1:3.18;Sausage & Cheddar Frittata:1:5.56;Caramel Latte:4:4.11,6
8133,2335,101,2024-11-04 19:41:56,4.22,Latte:1:4.22,1
3108,9339,100,2024-11-04 10:15:55,10.19,Strawberry Cheesecake Crown:1:5.39;Iced Mocha:1:4.8,2
2865,1534,103,2024-11-06 03:39:36,5.49,Fresh Grapes:1:5.49,1
7991,7962,100,2024-11-03 21:32:47,4.12,Frappe Latte:1:4.12,1
6705,1889,103,2024-11-01 15:16:35,2.73,Hard Boiled Eggs:1:2.73,1
5365,7756,103,2024-11-01 12:14:49,3.18,Caramel Frappe Latte:1:3.18,1
5770,7286,104,2024-11-03 16:09:36,5.35,Modern Oats Oatmeal:1:5.35,1
7844,8026,101,2024-11-05 14:30:36,31.23,Cold Brew:5:5.61;Caramel Frappe Latte:1:3.18,6
7681,7388,101,2024-11-06 10:35:06,3.81,Roasted Tomato Breakfast Roll:1:3.81,1
1421,2460,101,2024-11-06 05:40:36,5.43,Cortado:1:5.43,1
9447,8265,102,2024-11-07 06:49:22,44.89,Cinnamon Kouign Amann:1:3.16;Madeleines:1:5.51;Espresso Macchiato:3:3.79;Butter Croissant:4:5.19;Espresso Con Panna:1:4.09,10
7193,8644,101,2024-11-01 08:37:52,4.81,Brewed Coffee:1:4.81,1
7301,9561,101,2024-11-03 11:17:13,2.73,Hard Boiled Eggs:1:2.73,1
9776,3381,103,2024-11-03 22:42:12,42.49,Iced Americano:1:2.61;Modern Oats Oatmeal:5:5.35;Cinnamon Bun:2:2.84;Yogurt Parfait:1:2.65;Iced Mocha:1:4.8,10
9874,3957,104,2024-11-01 05:45:10,4.1,Cappuccino:1:4.1,1
3641,2889,100,2024-11-02 01:44:46,4.58,Blueberry Overnight Oats:1:4.58,1
2543,6588,100,2024-11-01 02:51:39,6.66,Pain Au Raisin:2:3.33,2
7677,8706,104,2024-11-07 19:51:08,10.2,Apple Cider Donut:1:5.44;Pain Au Chocolate:1:4.76,2
1445,1863,103,2024-11-01 03:09:29,5.65,Café au Lait:1:5.65,1
2696,3416,103,2024-11-05 12:41:36,5.44,Apple Cider Donut:1:5.44,1
8318,8416,102,2024-11-02 15:02:41,4.76,Pain Au Chocolate:1:4.76,1
1831,8374,102,2024-11-02 14:19:27,4.7,Iced Latte:1:4.7,1
3733,7965,102,2024-11-06 04:48:25,11.42,Caramel Apple Yogurt:1:4.87;Cinnamon Bun:1:2.84;Hot Apple Cider:1:3.71,3
8972,8246,100,2024-11-07 09:35:39,5.57,Americano:1:5.57,1
8268,1385,101,2024-11-04 18:23:50,2.64,Single Espresso Ristretto:1:2.64,1
6753,2305,103,2024-11-03 10:45:18,5.49,Fresh Grapes:1:5.49,1
5212,2893,103,2024-11-02 17:14:45,31.09,Cortado:1:5.43;Cappuccino:3:4.1;Pain Au Chocolate:1:4.76;Brewed Coffee:1:4.81;Espresso Macchiato:1:3.79,7
8769,3582,100,2024-11-06 21:03:55,11.0,Yogurt Parfait:1:2.65;Madeleines:1:5.51;Cinnamon Bun:1:2.84,3
5742,3502,103,2024-11-01 17:33:56,25.39,Apple Cider Donut:1:5.44;Pistachio Frappe Latte:1:5.47;Brewed Coffee:1:4.81;Iced Mocha:1:4.8;Caramel Apple Yogurt:1:4.87,5
6640,4819,100,2024-11-07 11:13:50,5.44,Apple Cider Donut:1:5.44,1
1636,6217,101,2024-11-01 00:50:31,5.35,Modern Oats Oatmeal:1:5.35,1
7913,6738,103,2024-11-05 21:55:24,11.02,Madeleines:2:5.51,2
7828,1794,104,2024-11-04 20:57:09,2.64,Single Espresso Ristretto:1:2.64,1
7368,6977,100,2024-11-02 20:29:13,2.62,Sausage Breakfast Roll:1:2.62,1
7230,3381,102,2024-11-04 08:55:49,4.66,Chai Latte:1:4.66,1
2533,1634,100,2024-11-06 20:21:33,4.27,Almond Croissant:1:4.27,1
8011,7608,102,2024-11-05 20:22:41,13.75,Brewed Coffee:1:4.81;Caramel Apple Bread:1:4.14;Iced Mocha:1:4.8,3
8282,2636,100,2024-11-07 00:19:05,25.88,Sausage & Cheddar Frittata:4:5.56;White Chocolate Mocha:1:3.64,5
4449,6752,102,2024-11-06 17:46:55,4.22,Latte:1:4.22,1
7866,1598,104,2024-11-01 19:48:50,16.32,Apple Cider Donut:3:5.44,3
6926,6603,100,2024-11-02 01:12:20,5.15,Red Velvet Hot Chocolate:1:5.15,1
3855,1176,101,2024-11-01 21:39:01,3.64,White Chocolate Mocha:1:3.64,1
7644,5898,103,2024-11-01 10:13:42,20.09,Tiramisu Latte:1:3.94;Americano:1:5.57;Strawberry Cheesecake Crown:1:5.39;Butter Croissant:1:5.19,4
5986,4546,103,2024-11-03 19:08:43,2.84,Cinnamon Bun:1:2.84,1
5143,9181,102,2024-11-06 14:43:25,4.11,Caramel Latte:1:4.11,1
6321,5537,102,2024-11-07 17:05:23,4.12,Frappe Latte:1:4.12,1
8094,7357,104,2024-11-04 16:55:57,4.7,Iced Latte:1:4.7,1
6255,4416,103,2024-11-02 15:28:16,31.88,Mocha Frappe Latte:1:3.34;Café au Lait:1:5.65;Cold Foam Cold Brew:1:2.84;White Chocolate Mocha:1:3.64;Pistachio Frappe Latte:3:5.47,7
8805,8204,100,2024-11-06 11:40:14,8.85,Hot Tea:3:2.95,3
8945,2270,100,2024-11-07 09:41:54,5.47,Pistachio Frappe Latte:1:5.47,1
2210,9761,104,2024-11-01 20:25:58,5.57,Americano:1:5.57,1
7773,7447,102,2024-11-07 14:22:27,2.61,Iced Americano:1:2.61,1
8674,3892,104,2024-11-03 16:36:45,8.87,Mocha Frappe Latte:1:3.34;Hot Chocolate:1:2.89;Single Espresso Ristretto:1:2.64,3
8176,3006,104,2024-11-06 04:12:46,10.38,Butter Croissant:2:5.19,2
4106,4364,100,2024-11-06 02:35:41,18.52,Butter Crumb Cake:4:4.63,4
7602,2914,103,2024-11-07 13:08:10,5.47,Pistachio Frappe Latte:1:5.47,1
1326,1471,101,2024-11-02 10:31:18,3.18,Caramel Frappe Latte:1:3.18,1
1301,8176,100,2024-11-03 07:37:03,2.84,Cinnamon Bun:1:2.84,1
6225,1642,102,2024-11-03 18:17:44,23.3,Chai Latte:5:4.66,5
6639,7203,100,2024-11-01 13:08:30,3.79,Espresso Macchiato:1:3.79,1
2081,4555,101,2024-11-03 17:51:58,5.65,Café au Lait:1:5.65,1
5873,1168,102,2024-11-02 19:06:15,5.61,Cold Brew:1:5.61,1
7551,8385,104,2024-11-04 07:03:33,14.29,Caramel Latte:1:4.11;Matcha Latte:1:5.42;Pain Au Chocolate:1:4.76,3
7629,3323,101,2024-11-01 02:40:12,2.89,Hot Chocolate:1:2.89,1
5758,9665,102,2024-11-04 01:13:50,3.79,Espresso Macchiato:1:3.79,1
3407,7395,104,2024-11-06 07:57:45,2.84,Cinnamon Bun:1:2.84,1
2179,7357,103,2024-11-03 13:08:18,4.27,Almond Croissant:1:4.27,1
3115,8770,104,2024-11-05 03:01:01,2.84,Cold Foam Cold Brew:1:2.84,1
8650,2738,104,2024-11-07 16:49:37,5.65,Café au Lait:1:5.65,1
2243,4371,103,2024-11-07 05:34:28,10.93,Flat White:1:5.49;Apple Cider Donut:1:5.44,2
7471,7136,104,2024-11-06 22:35:07,2.61,Iced Americano:1:2.61,1
9358,8516,103,2024-11-04 19:15:42,7.62,Roasted Tomato Breakfast Roll:2:3.81,2
2899,3355,104,2024-11-06 21:31:13,39.86,Cappuccino:1:4.1;Chai Latte:1:4.66;Almond Croissant:1:4.27;Cortado:1:5.43;Modern Oats Oatmeal:4:5.35,8
3383,2480,103,2024-11-01 12:39:00,2.62,Sausage Breakfast Roll:1:2.62,1
9718,3677,104,2024-11-03 22:32:08,13.47,Mocha:1:4.14;Butter Croissant:1:5.19;Mocha:1:4.14,3
3983,7405,100,2024-11-05 01:55:02,8.65,Matcha Latte:1:5.42;Veggie & Cheddar Frittata:1:3.23,2
4011,9725,101,2024-11-02 07:47:56,4.1,Cappuccino:1:4.1,1
5956,5523,101,2024-11-01 09:12:26,2.95,Hot Tea:1:2.95,1
9930,7029,104,2024-11-07 16:54:47,5.28,Single Espresso Ristretto:2:2.64,2
3482,5400,100,2024-11-06 09:40:04,6.66,Pain Au Raisin:2:3.33,2
6933,8395,100,2024-11-05 16:34:03,4.76,Pain Au Chocolate:1:4.76,1
7102,6063,104,2024-11-04 20:41:02,8.19,Espresso:3:2.73,3
8196,2702,102,2024-11-03 10:11:21,2.84,Cold Foam Cold Brew:1:2.84,1
7597,8288,101,2024-11-05 13:16:53,5.39,Strawberry Cheesecake Crown:1:5.39,1
1368,8416,103,2024-11-02 16:30:09,10.48,Sausage Breakfast Roll:4:2.62,4
6849,1500,102,2024-11-01 10:10:20,5.39,Strawberry Cheesecake Crown:1:5.39,1
4171,4653,102,2024-11-01 18:26:23,4.22,Latte:1:4.22,1
1733,6804,102,2024-11-01 10:09:17,7.88,Tiramisu Latte:2:3.94,2
6142,1586,100,2024-11-03 06:03:16,5.44,Apple Cider Donut:1:5.44,1
8508,8363,103,2024-11-01 22:48:18,10.92,White Chocolate Mocha:3:3.64,3
1883,5186,104,2024-11-02 17:30:10,24.04,Tiramisu Latte:1:3.94;Café au Lait:1:5.65;Cinnamon Swirl Bread:1:5.94;White Chocolate Mocha:1:3.64;Caramel Apple Yogurt:1:4.87,5
6476,4049,101,2024-11-01 08:41:24,4.22,Latte:1:4.22,1
5983,3084,100,2024-11-07 04:41:05,4.14,Mocha:1:4.14,1
8056,3012,103,2024-11-04 12:57:29,5.94,Cinnamon Swirl Bread:1:5.94,1
9149,2584,104,2024-11-05 20:18:56,26.01,Caramel Apple Bread:1:4.14;Hot Tea:4:2.95;Iced Mocha:1:4.8;Yogurt Parfait:1:2.65;Sausage Breakfast Roll:1:2.62,8
1708,6308,101,2024-11-01 16:17:02,4.22,Latte:1:4.22,1
2647,5369,101,2024-11-07 19:26:08,16.74,Tiramisu Latte:1:3.94;Iced Americano:2:2.61;Hot Tea:1:2.95;Butter Crumb Cake:1:4.63,5
9795,1175,103,2024-11-04 22:55:20,5.51,Madeleines:1:5.51,1
3256,3059,101,2024-11-02 05:31:09,4.76,Pain Au Chocolate:1:4.76,1
8463,6455,100,2024-11-05 08:19:14,21.88,Pistachio Frappe Latte:4:5.47,4
5614,7946,100,2024-11-03 02:10:29,3.64,White Chocolate Mocha:1:3.64,1
8763,7573,101,2024-11-04 17:22:56,6.88,Iced Americano:1:2.61;Almond Croissant:1:4.27,2
1901,2411,102,2024-11-02 07:44:55,38.74,Pain Au Raisin:1:3.33;Frappe Latte:1:4.12;Cortado:4:5.43;Mocha:1:4.14;Cortado:1:5.43,8
9069,4301,102,2024-11-06 05:17:06,2.89,Hot Chocolate:1:2.89,1
8186,2178,103,2024-11-06 01:13:15,4.81,Brewed Coffee:1:4.81,1
1570,6975,100,2024-11-02 21:44:46,5.61,Cold Brew:1:5.61,1
6485,5119,102,2024-11-01 20:15:01,3.33,Pain Au Raisin:1:3.33,1
1646,2377,101,2024-11-07 09:36:51,4.67,Eggnog Latte:1:4.67,1
9080,1822,104,2024-11-03 00:44:56,8.67,Hot Chocolate:3:2.89,3
6123,2083,102,2024-11-06 07:24:20,4.58,Blueberry Overnight Oats:1:4.58,1
6712,5290,101,2024-11-04 03:05:55,4.09,Espresso Con Panna:1:4.09,1
4542,2031,100,2024-11-03 09:33:55,7.28,White Chocolate Mocha:2:3.64,2
9703,8472,101,2024-11-05 15:35:47,9.01,Caramel Apple Yogurt:1:4.87;Caramel Apple Bread:1:4.14,2
9250,9176,102,2024-11-04 00:16:17,3.23,Veggie & Cheddar Frittata:1:3.23,1
9767,2147,100,2024-11-04 22:24:35,5.43,Cortado:1:5.43,1
8608,4384,101,2024-11-02 18:53:33,7.83,Iced Americano:3:2.61,3
6416,8494,104,2024-11-06 03:25:27,5.94,Cinnamon Swirl Bread:1:5.94,1
5572,9822,103,2024-11-07 14:09:15,24.99,Modern Oats Oatmeal:1:5.35;Brewed Coffee:1:4.81;White Chocolate Mocha:1:3.64;Frappe Latte:2:4.12;Hot Tea:1:2.95,6
9719,3459,100,2024-11-05 18:54:32,4.11,Caramel Latte:1:4.11,1
2342,2106,104,2024-11-02 11:10:46,4.8,Iced Mocha:1:4.8,1
3562,2806,104,2024-11-04 14:58:06,2.84,Cold Foam Cold Brew:1:2.84,1
1299,8950,103,2024-11-06 16:31:32,4.1,Cappuccino:1:4.1,1
6769,6804,103,2024-11-07 12:17:20,3.71,Hot Apple Cider:1:3.71,1
9802,8698,101,2024-11-06 13:33:15,23.8,Pain Au Chocolate:5:4.76,5
6552,8607,101,2024-11-01 10:42:01,2.95,Hot Tea:1:2.95,1
2409,4772,104,2024-11-01 13:26:01,4.09,Espresso Con Panna:1:4.09,1
1099,9677,100,2024-11-04 12:11:32,5.19,Butter Croissant:1:5.19,1
1187,1240,103,2024-11-02 16:25:47,2.61,Iced Americano:1:2.61,1
7560,2829,104,2024-11-02 14:05:25,23.83,Blueberry Overnight Oats:4:4.58;Madeleines:1:5.51,5
9756,9103,102,2024-11-04 11:09:07,21.2,Hot Apple Cider:5:3.71;Yogurt Parfait:1:2.65,6
3825,1449,103,2024-11-03 16:48:21,7.42,Hot Apple Cider:2:3.71,2
2936,3041,103,2024-11-04 16:07:38,5.94,Cinnamon Swirl Bread:1:5.94,1
5949,8186,100,2024-11-01 09:40:15,5.15,Red Velvet Hot Chocolate:1:5.15,1
6082,8489,102,2024-11-01 19:11:49,8.29,Mocha Frappe Latte:1:3.34;Ham & Cheese Croissant:1:4.95,2
9227,6100,101,2024-11-07 00:28:48,5.19,Butter Croissant:1:5.19,1
3966,2117,104,2024-11-01 13:29:05,5.11,Vegan Breakfast Roll:1:5.11,1
5123,9189,102,2024-11-02 13:20:31,5.94,Cinnamon Swirl Bread:1:5.94,1
3515,1851,101,2024-11-03 18:48:04,5.43,Cortado:1:5.43,1
5947,4555,103,2024-11-03 21:28:54,3.34,Mocha Frappe Latte:1:3.34,1
5082,5924,101,2024-11-07 21:19:23,3.23,Veggie & Cheddar Frittata:1:3.23,1
4627,2798,103,2024-11-07 02:21:01,4.87,Caramel Apple Yogurt:1:4.87,1
7403,2202,101,2024-11-06 21:09:43,4.14,Mocha:1:4.14,1
2953,2842,100,2024-11-07 21:49:39,4.63,Butter Crumb Cake:1:4.63,1
7740,6010,103,2024-11-07 21:48:38,2.84,Cold Foam Cold Brew:1:2.84,1
2088,9981,104,2024-11-07 16:52:03,5.42,Matcha Latte:1:5.42,1
9049,6123,100,2024-11-05 09:05:39,3.71,Hot Apple Cider:1:3.71,1
8716,6265,104,2024-11-03 07:00:19,5.56,Sausage & Cheddar Frittata:1:5.56,1
4166,4599,103,2024-11-04 00:15:09,9.4,Iced Latte:2:4.7,2
1524,5874,101,2024-11-04 22:14:36,8.75,Americano:1:5.57;Caramel Frappe Latte:1:3.18,2
1333,2572,102,2024-11-02 19:37:22,2.64,Single Espresso Ristretto:1:2.64,1
5999,8671,104,2024-11-03 16:12:03,6.48,White Chocolate Mocha:1:3.64;Cinnamon Bun:1:2.84,2
7285,3944,104,2024-11-04 05:04:24,3.71,Hot Apple Cider:1:3.71,1
9323,4021,102,2024-11-05 20:47:35,4.09,Espresso Con Panna:1:4.09,1
8821,1399,104,2024-11-06 13:20:39,13.32,Pain Au Raisin:4:3.33,4
3067,3793,103,2024-11-01 17:45:01,4.58,Blueberry Overnight Oats:1:4.58,1
7817,6636,102,2024-11-04 09:21:51,2.61,Iced Americano:1:2.61,1
9676,8214,101,2024-11-02 16:27:20,5.05,Bacon Breakfast Roll:1:5.05,1
2456,6233,103,2024-11-02 11:58:48,9.38,Almond Croissant:1:4.27;Vegan Breakfast Roll:1:5.11,2
4968,4256,101,2024-11-03 01:54:25,4.87,Caramel Apple Yogurt:1:4.87,1
3593,5263,103,2024-11-07 15:35:45,21.33,Roasted Tomato Breakfast Roll:3:3.81;Ham & Cheese Croissant:2:4.95,5
8859,2237,104,2024-11-07 11:03:02,12.37,Ham & Cheese Croissant:1:4.95;Hot Apple Cider:2:3.71,3
8541,8732,100,2024-11-04 22:37:42,10.78,Strawberry Cheesecake Crown:2:5.39,2
2433,5670,102,2024-11-07 09:39:08,6.68,Mocha Frappe Latte:2:3.34,2
7636,5391,100,2024-11-04 01:31:25,3.81,Roasted Tomato Breakfast Roll:1:3.81,1
3752,1306,102,2024-11-03 06:19:07,4.11,Caramel Latte:1:4.11,1
1649,6767,104,2024-11-05 22:31:18,2.95,Hot Tea:1:2.95,1
9425,2716,104,2024-11-07 05:12:13,15.8,Cinnamon Kouign Amann:5:3.16,5
4638,3395,100,2024-11-04 15:01:03,4.1,Cappuccino:1:4.1,1
3450,9804,103,2024-11-07 15:02:04,2.84,Cold Foam Cold Brew:1:2.84,1
8849,1777,102,2024-11-06 17:45:37,21.24,Blueberry Overnight Oats:1:4.58;Eggnog Latte:3:4.67;Yogurt Parfait:1:2.65,5
1994,5201,100,2024-11-03 03:19:21,4.7,Iced Latte:1:4.7,1
6863,7143,103,2024-11-01 09:08:30,5.94,Cinnamon Swirl Bread:1:5.94,1
8273,6841,104,2024-11-07 21:45:58,5.47,Pistachio Frappe Latte:1:5.47,1
9228,4730,102,2024-11-06 12:05:37,3.34,Mocha Frappe Latte:1:3.34,1
1924,6499,103,2024-11-02 09:10:10,2.61,Iced Americano:1:2.61,1
4473,4027,104,2024-11-03 18:07:23,6.5,Cinnamon Kouign Amann:1:3.16;Mocha Frappe Latte:1:3.34,2
4803,6564,103,2024-11-05 04:44:09,11.36,Cinnamon Bun:4:2.84,4
7425,2960,100,2024-11-05 13:08:28,5.49,Flat White:1:5.49,1
6231,4285,100,2024-11-07 19:58:38,2.64,Single Espresso Ristretto:1:2.64,1
3054,5389,103,2024-11-03 13:04:12,6.46,Veggie & Cheddar Frittata:2:3.23,2
3835,2698,102,2024-11-03 16:06:39,3.23,Veggie & Cheddar Frittata:1:3.23,1
2269,4202,103,2024-11-07 16:28:24,4.14,Mocha:1:4.14,1
6359,6696,101,2024-11-07 10:06:19,5.65,Café au Lait:1:5.65,1
5994,2031,101,2024-11-04 13:41:42,4.63,Butter Crumb Cake:1:4.63,1
3890,8698,103,2024-11-05 16:36:56,16.44,Caramel Latte:4:4.11,4
7672,9624,103,2024-11-07 14:43:36,16.71,Americano:3:5.57,3
4467,8363,104,2024-11-04 17:45:03,4.63,Butter Crumb Cake:1:4.63,1
6339,7850,102,2024-11-02 20:26:51,10.52,Café au Lait:1:5.65;Caramel Apple Yogurt:1:4.87,2
8054,3958,101,2024-11-04 17:25:18,28.27,Chai Latte:1:4.66;Madeleines:1:5.51;Vegan Breakfast Roll:2:5.11;Red Velvet Hot Chocolate:1:5.15;Espresso:1:2.73,6
2796,3548,101,2024-11-07 20:10:13,3.79,Espresso Macchiato:1:3.79,1
6088,7632,101,2024-11-06 11:09:27,5.35,Modern Oats Oatmeal:1:5.35,1
2084,2829,104,2024-11-06 06:08:18,3.94,Tiramisu Latte:1:3.94,1
8434,5770,101,2024-11-07 07:43:28,5.56,Sausage & Cheddar Frittata:1:5.56,1
9005,4914,102,2024-11-06 10:38:13,15.69,Cinnamon Kouign Amann:1:3.16;Espresso Macchiato:2:3.79;Ham & Cheese Croissant:1:4.95,4
2251,6743,100,2024-11-07 04:35:25,2.89,Hot Chocolate:1:2.89,1
4502,5841,100,2024-11-06 10:52:08,2.61,Iced Americano:1:2.61,1
5675,4437,100,2024-11-07 04:05:04,5.44,Apple Cider Donut:1:5.44,1
9066,8937,100,2024-11-06 01:54:33,5.35,Modern Oats Oatmeal:1:5.35,1
9840,3941,104,2024-11-07 12:41:20,2.84,Cinnamon Bun:1:2.84,1
8518,8888,103,2024-11-02 07:11:18,5.39,Strawberry Cheesecake Crown:1:5.39,1
1188,2348,104,2024-11-03 17:17:53,5.05,Bacon Breakfast Roll:1:5.05,1
9877,7661,103,2024-11-07 17:22:46,2.62,Sausage Breakfast Roll:1:2.62,1
1083,9325,103,2024-11-05 18:45:41,4.58,Blueberry Overnight Oats:1:4.58,1
2714,6321,100,2024-11-03 00:22:15,22.24,Sausage & Cheddar Frittata:4:5.56,4
5451,4693,103,2024-11-06 14:32:52,4.14,Mocha:1:4.14,1
8852,7922,101,2024-11-01 00:02:39,18.4,Cortado:1:5.43;Mocha Frappe Latte:3:3.34;Hot Tea:1:2.95,5
5292,5208,104,2024-11-07 13:42:14,2.84,Cold Foam Cold Brew:1:2.84,1
6437,9463,101,2024-11-05 21:15:55,14.76,Cinnamon Swirl Bread:1:5.94;Pain Au Raisin:1:3.33;Fresh Grapes:1:5.49,3
9213,3151,103,2024-11-06 11:19:40,5.51,Madeleines:1:5.51,1
6717,8125,100,2024-11-02 16:30:04,4.66,Chai Latte:1:4.66,1
5529,3939,103,2024-11-02 14:37:21,5.51,Madeleines:1:5.51,1
2620,9146,104,2024-11-01 03:28:17,4.95,Ham & Cheese Croissant:1:4.95,1
3555,3918,103,2024-11-02 18:13:03,5.49,Fresh Grapes:1:5.49,1
2351,4846,101,2024-11-02 08:29:48,9.34,Eggnog Latte:2:4.67,2
3960,2721,101,2024-11-07 05:23:35,4.1,Cappuccino:1:4.1,1
3032,6417,102,2024-11-03 20:56:45,10.78,Strawberry Cheesecake Crown:2:5.39,2
4275,9375,104,2024-11-04 17:22:25,5.44,Apple Cider Donut:1:5.44,1
8087,1868,101,2024-11-02 07:25:54,5.94,Cinnamon Swirl Bread:1:5.94,1
2900,1602,100,2024-11-07 06:40:28,2.73,Espresso:1:2.73,1
3642,7741,101,2024-11-02 01:17:00,3.23,Veggie & Cheddar Frittata:1:3.23,1
7661,5912,100,2024-11-07 02:44:32,9.32,Chai Latte:2:4.66,2
1870,8288,103,2024-11-07 06:49:02,4.81,Brewed Coffee:1:4.81,1
9211,5462,103,2024-11-03 15:04:30,10.52,Blueberry Overnight Oats:1:4.58;Cinnamon Swirl Bread:1:5.94,2
4470,2145,103,2024-11-01 00:00:05,9.62,Brewed Coffee:1:4.81;Brewed Coffee:1:4.81,2
1652,9224,103,2024-11-04 02:33:36,6.66,Pain Au Raisin:2:3.33,2
8456,1954,100,2024-11-02 10:08:30,5.56,Sausage & Cheddar Frittata:1:5.56,1
9957,7858,102,2024-11-04 21:36:50,5.19,Butter Croissant:1:5.19,1
6661,3051,101,2024-11-05 12:22:57,10.88,Apple Cider Donut:2:5.44,2
5939,8185,104,2024-11-03 03:20:23,10.3,Red Velvet Hot Chocolate:2:5.15,2
2586,3525,102,2024-11-04 10:56:26,2.65,Yogurt Parfait:1:2.65,1
6663,6490,100,2024-11-04 07:49:11,6.32,Cinnamon Kouign Amann:2:3.16,2
2201,3607,101,2024-11-05 08:41:09,5.19,Butter Croissant:1:5.19,1
6588,6057,101,2024-11-07 13:24:42,3.79,Espresso Macchiato:1:3.79,1
3272,1732,103,2024-11-04 19:54:19,3.81,Roasted Tomato Breakfast Roll:1:3.81,1
4384,3228,102,2024-11-03 21:55:11,5.49,Fresh Grapes:1:5.49,1
6069,4301,100,2024-11-07 09:19:18,8.49,Cold Foam Cold Brew:1:2.84;Café au Lait:1:5.65,2
5166,5135,103,2024-11-04 08:21:22,4.09,Espresso Con Panna:1:4.09,1
2438,4844,100,2024-11-06 20:08:05,3.33,Pain Au Raisin:1:3.33,1
1213,5812,100,2024-11-04 19:12:02,4.87,Caramel Apple Yogurt:1:4.87,1
4748,9224,102,2024-11-02 19:55:01,18.64,Chai Latte:4:4.66,4
6378,6723,103,2024-11-02 19:37:24,5.46,Espresso:2:2.73,2
2928,6603,102,2024-11-01 14:55:43,4.58,Blueberry Overnight Oats:1:4.58,1
9113,6404,104,2024-11-01 10:33:33,6.36,Caramel Frappe Latte:2:3.18,2
1454,2992,104,2024-11-06 09:28:50,5.65,Café au Lait:1:5.65,1
4963,5975,103,2024-11-04 10:12:41,2.89,Hot Chocolate:1:2.89,1
6238,4875,101,2024-11-03 07:29:32,5.49,Fresh Grapes:1:5.49,1
4376,4530,100,2024-11-01 03:24:34,5.61,Cold Brew:1:5.61,1
3441,6247,101,2024-11-06 09:17:55,5.11,Vegan Breakfast Roll:1:5.11,1
6111,5131,103,2024-11-04 18:49:08,4.81,Brewed Coffee:1:4.81,1
4180,5554,101,2024-11-07 18:53:44,5.94,Cinnamon Swirl Bread:1:5.94,1
9189,1418,103,2024-11-02 17:14:08,10.86,Cortado:2:5.43,2
1348,5574,100,2024-11-02 20:55:13,3.81,Roasted Tomato Breakfast Roll:1:3.81,1
2175,6410,101,2024-11-07 06:07:24,4.8,Iced Mocha:1:4.8,1
8994,2602,100,2024-11-07 05:00:17,4.09,Espresso Con Panna:1:4.09,1
1166,7206,104,2024-11-02 04:10:54,5.05,Bacon Breakfast Roll:1:5.05,1
4640,9310,104,2024-11-06 09:19:37,15.59,Cortado:1:5.43;Espresso:1:2.73;Brewed Coffee:1:4.81;Sausage Breakfast Roll:1:2.62,4
2151,4693,103,2024-11-04 05:10:15,10.62,Americano:1:5.57;Bacon Breakfast Roll:1:5.05,2
5601,1200,103,2024-11-04 04:45:29,2.89,Hot Chocolate:1:2.89,1
3224,1596,100,2024-11-01 19:50:51,4.11,Caramel Latte:1:4.11,1
7435,2563,103,2024-11-02 03:15:04,5.19,Butter Croissant:1:5.19,1
3129,7756,102,2024-11-05 11:13:00,5.65,Café au Lait:1:5.65,1
4561,1424,100,2024-11-01 14:22:00,4.8,Iced Mocha:1:4.8,1
3474,1591,100,2024-11-03 18:37:12,4.22,Latte:1:4.22,1
6551,3906,104,2024-11-05 13:22:27,3.34,Mocha Frappe Latte:1:3.34,1
4111,5108,103,2024-11-01 02:40:30,6.46,Veggie & Cheddar Frittata:2:3.23,2
1858,2422,102,2024-11-05 17:44:23,4.14,Caramel Apple Bread:1:4.14,1
7922,6417,101,2024-11-04 05:31:22,4.76,Pain Au Chocolate:1:4.76,1
4797,9082,102,2024-11-07 12:14:56,4.7,Iced Latte:1:4.7,1
9592,2712,103,2024-11-02 11:17:22,5.05,Bacon Breakfast Roll:1:5.05,1
7826,9848,104,2024-11-05 01:57:29,4.66,Chai Latte:1:4.66,1
1635,6378,103,2024-11-07 17:44:37,5.49,Fresh Grapes:1:5.49,1
1102,1448,101,2024-11-06 05:12:53,5.43,Cortado:1:5.43,1
8469,5823,102,2024-11-01 05:55:13,8.22,Caramel Latte:2:4.11,2
6565,6165,103,2024-11-01 18:33:46,5.15,Red Velvet Hot Chocolate:1:5.15,1
5028,1426,104,2024-11-03 01:15:51,4.63,Butter Crumb Cake:1:4.63,1
2594,5999,102,2024-11-03 09:15:31,36.77,Cold Brew:1:5.61;Hot Apple Cider:1:3.71;Flat White:5:5.49,7
2465,6121,103,2024-11-05 21:52:02,2.73,Hard Boiled Eggs:1:2.73,1
7234,6539,102,2024-11-07 15:30:52,5.42,Matcha Latte:1:5.42,1
9527,9906,103,2024-11-03 16:09:13,4.11,Caramel Latte:1:4.11,1
9171,2497,103,2024-11-03 21:03:25,8.52,Cold Foam Cold Brew:3:2.84,3
3488,9556,101,2024-11-07 08:25:48,5.22,Iced Americano:2:2.61,2
5452,6106,100,2024-11-04 11:56:48,9.48,Cinnamon Kouign Amann:3:3.16,3
3566,1334,104,2024-11-04 01:50:54,3.71,Hot Apple Cider:1:3.71,1
6033,6895,102,2024-11-07 09:21:54,9.16,Blueberry Overnight Oats:2:4.58,2
8218,7837,102,2024-11-05 10:46:09,4.58,Blueberry Overnight Oats:1:4.58,1
8959,9628,104,2024-11-03 04:34:25,15.48,Fresh Grapes:1:5.49;Pain Au Raisin:3:3.33,4
2540,3572,104,2024-11-02 04:28:43,3.94,Tiramisu Latte:1:3.94,1
9380,1005,104,2024-11-05 17:01:17,19.46,Apple Cider Donut:1:5.44;Sausage & Cheddar Frittata:1:5.56;Eggnog Latte:1:4.67;Espresso Macchiato:1:3.79,4
9357,5981,100,2024-11-05 21:28:02,22.04,Madeleines:4:5.51,4
5646,7607,102,2024-11-05 21:14:33,5.51,Madeleines:1:5.51,1
6555,4620,104,2024-11-07 05:04:45,5.44,Apple Cider Donut:1:5.44,1
5065,4149,104,2024-11-03 06:48:58,8.28,Caramel Apple Bread:2:4.14,2
8689,6394,100,2024-11-02 10:37:56,3.94,Tiramisu Latte:1:3.94,1
4567,1596,102,2024-11-03 12:26:46,11.22,Cold Brew:2:5.61,2
4303,8162,101,2024-11-01 13:48:19,8.22,Caramel Latte:2:4.11,2
2374,7861,101,2024-11-02 05:29:58,2.64,Single Espresso Ristretto:1:2.64,1
1123,9763,100,2024-11-05 11:49:27,4.14,Caramel Apple Bread:1:4.14,1
8397,8341,103,2024-11-02 16:28:32,5.44,Apple Cider Donut:1:5.44,1
8417,8220,104,2024-11-04 09:29:27,3.33,Pain Au Raisin:1:3.33,1
1017,4215,100,2024-11-04 01:51:11,5.44,Apple Cider Donut:1:5.44,1
4462,7048,100,2024-11-02 21:03:33,5.19,Butter Croissant:1:5.19,1
5371,4387,101,2024-11-01 09:09:12,4.11,Caramel Latte:1:4.11,1
1955,6986,103,2024-11-04 04:53:38,7.88,Tiramisu Latte:2:3.94,2
7321,9132,102,2024-11-06 17:02:32,5.44,Apple Cider Donut:1:5.44,1
6344,2885,101,2024-11-02 18:31:22,4.12,Frappe Latte:1:4.12,1
5493,6952,100,2024-11-06 10:00:43,4.14,Caramel Apple Bread:1:4.14,1
3114,4156,104,2024-11-04 05:26:56,5.61,Cold Brew:1:5.61,1
7789,1479,101,2024-11-04 01:09:45,8.44,Hot Tea:1:2.95;Fresh Grapes:1:5.49,2
1825,8417,102,2024-11-01 17:39:50,5.56,Sausage & Cheddar Frittata:1:5.56,1
8566,2532,101,2024-11-01 21:42:46,7.88,Red Velvet Hot Chocolate:1:5.15;Hard Boiled Eggs:1:2.73,2
5896,2062,103,2024-11-01 02:10:21,3.23,Veggie & Cheddar Frittata:1:3.23,1
2824,4136,103,2024-11-03 17:30:37,4.22,Latte:1:4.22,1
5886,1834,102,2024-11-02 09:04:39,4.81,Brewed Coffee:1:4.81,1
8405,7001,103,2024-11-07 06:24:17,2.73,Hard Boiled Eggs:1:2.73,1
1703,9433,102,2024-11-06 11:09:01,4.12,Frappe Latte:1:4.12,1
4523,4652,102,2024-11-05 18:40:38,16.17,Strawberry Cheesecake Crown:3:5.39,3
8952,3417,104,2024-11-07 05:19:06,28.25,Café au Lait:5:5.65,5
2233,4873,104,2024-11-03 04:57:54,4.11,Caramel Latte:1:4.11,1
4660,8561,104,2024-11-05 01:29:27,14.75,Hot Tea:5:2.95,5
6385,8619,101,2024-11-07 11:13:24,5.61,Cold Brew:1:5.61,1
8669,9542,101,2024-11-06 01:55:42,3.33,Pain Au Raisin:1:3.33,1
5349,3243,102,2024-11-07 13:23:58,5.94,Cinnamon Swirl Bread:1:5.94,1
2083,7962,101,2024-11-02 05:55:48,5.43,Cortado:1:5.43,1
8483,7866,104,2024-11-04 03:33:17,3.16,Cinnamon Kouign Amann:1:3.16,1
5350,9906,103,2024-11-02 15:43:05,3.94,Tiramisu Latte:1:3.94,1
8137,3897,101,2024-11-04 09:33:24,10.27,Veggie & Cheddar Frittata:1:3.23;Hot Apple Cider:1:3.71;Pain Au Raisin:1:3.33,3
1059,9524,103,2024-11-02 07:11:36,9.69,Veggie & Cheddar Frittata:3:3.23,3
7771,7741,101,2024-11-04 20:18:19,9.49,Cold Foam Cold Brew:2:2.84;Roasted Tomato Breakfast Roll:1:3.81,3
7562,8819,104,2024-11-02 03:16:13,3.81,Roasted Tomato Breakfast Roll:1:3.81,1
6916,7355,102,2024-11-01 11:39:46,2.73,Espresso:1:2.73,1
1564,6666,101,2024-11-05 20:31:08,26.14,Pain Au Raisin:2:3.33;Butter Croissant:1:5.19;Madeleines:1:5.51;Chai Latte:1:4.66;Frappe Latte:1:4.12,6
3134,3793,101,2024-11-02 02:53:11,5.47,Pistachio Frappe Latte:1:5.47,1
6832,5304,102,2024-11-05 20:20:44,5.9,Hot Tea:2:2.95,2
8440,9027,100,2024-11-04 05:51:02,7.83,Iced Americano:3:2.61,3
1837,6294,101,2024-11-05 16:20:34,4.14,Mocha:1:4.14,1
2686,4085,103,2024-11-05 13:47:56,5.19,Butter Croissant:1:5.19,1
1543,6575,100,2024-11-04 12:53:18,4.14,Mocha:1:4.14,1
3987,1069,100,2024-11-05 18:17:18,4.11,Caramel Latte:1:4.11,1
1255,8828,100,2024-11-01 21:24:13,26.01,Blueberry Overnight Oats:1:4.58;Roasted Tomato Breakfast Roll:3:3.81;Matcha Latte:1:5.42;Blueberry Overnight Oats:1:4.58,6
6917,8214,100,2024-11-01 08:36:01,13.21,Hard Boiled Eggs:1:2.73;Sausage Breakfast Roll:4:2.62,5
7219,4126,100,2024-11-03 11:51:16,5.51,Madeleines:1:5.51,1
7256,9506,100,2024-11-05 11:16:14,4.7,Iced Latte:1:4.7,1
7430,5826,100,2024-11-02 18:40:14,3.64,White Chocolate Mocha:1:3.64,1
8362,4726,100,2024-11-03 03:17:51,4.14,Mocha:1:4.14,1
6415,3289,101,2024-11-04 10:51:36,13.26,Cinnamon Kouign Amann:1:3.16;Bacon Breakfast Roll:2:5.05,3
4386,2510,100,2024-11-02 19:02:42,5.51,Madeleines:1:5.51,1
8922,4989,100,2024-11-07 13:55:04,3.81,Roasted Tomato Breakfast Roll:1:3.81,1
3504,8332,104,2024-11-07 16:17:27,3.16,Cinnamon Kouign Amann:1:3.16,1
7212,5887,101,2024-11-02 20:11:26,4.67,Eggnog Latte:1:4.67,1
1504,6478,104,2024-11-05 02:19:16,5.47,Pistachio Frappe Latte:1:5.47,1
9537,9397,103,2024-11-06 19:17:10,10.84,Matcha Latte:2:5.42,2
6057,3073,101,2024-11-06 21:10:47,5.46,Hard Boiled Eggs:2:2.73,2
3233,4160,100,2024-11-07 17:31:05,5.42,Matcha Latte:1:5.42,1
7086,9590,103,2024-11-05 08:24:12,5.56,Sausage & Cheddar Frittata:1:5.56,1
9814,7376,100,2024-11-03 01:26:39,25.35,Tiramisu Latte:1:3.94;Butter Croissant:1:5.19;Cinnamon Swirl Bread:1:5.94;Pistachio Frappe Latte:1:5.47;Brewed Coffee:1:4.81,5
4100,1626,102,2024-11-06 07:42:47,13.71,Madeleines:1:5.51;Pain Au Raisin:1:3.33;Caramel Apple Yogurt:1:4.87,3
3103,3353,101,2024-11-07 22:33:24,4.09,Espresso Con Panna:1:4.09,1
6715,4750,103,2024-11-07 17:12:00,5.49,Fresh Grapes:1:5.49,1
7428,9840,103,2024-11-01 13:33:11,3.18,Caramel Frappe Latte:1:3.18,1
1359,5630,102,2024-11-07 18:29:58,9.26,Butter Crumb Cake:2:4.63,2
4049,4763,104,2024-11-06 21:57:16,5.49,Flat White:1:5.49,1
3927,4748,104,2024-11-01 21:10:28,3.34,Mocha Frappe Latte:1:3.34,1
8971,9363,100,2024-11-06 14:30:38,4.1,Cappuccino:1:4.1,1
9508,5210,102,2024-11-06 06:09:57,5.35,Modern Oats Oatmeal:1:5.35,1
9136,8954,103,2024-11-01 12:37:47,18.96,Iced Americano:2:2.61;Espresso Con Panna:2:4.09;Sausage & Cheddar Frittata:1:5.56,5
1735,4180,104,2024-11-06 03:05:20,5.57,Americano:1:5.57,1
2679,8603,102,2024-11-02 13:45:23,2.89,Hot Chocolate:1:2.89,1
2780,9637,102,2024-11-04 14:20:45,2.62,Sausage Breakfast Roll:1:2.62,1
6332,4069,104,2024-11-05 18:03:26,13.39,Vegan Breakfast Roll:1:5.11;Ham & Cheese Croissant:1:4.95;Pain Au Raisin:1:3.33,3
6363,5088,103,2024-11-04 12:07:37,4.63,Butter Crumb Cake:1:4.63,1
3117,2370,100,2024-11-07 15:22:20,20.69,Espresso Macchiato:1:3.79;Butter Croissant:2:5.19;Espresso:1:2.73;Espresso Macchiato:1:3.79,5
6022,4048,103,2024-11-04 01:09:08,3.33,Pain Au Raisin:1:3.33,1
9732,2027,101,2024-11-06 03:06:20,3.23,Veggie & Cheddar Frittata:1:3.23,1
9142,7457,103,2024-11-07 01:40:18,15.33,Vegan Breakfast Roll:3:5.11,3
8100,6282,101,2024-11-02 00:46:53,9.08,Almond Croissant:1:4.27;Brewed Coffee:1:4.81,2
1325,2546,102,2024-11-04 10:07:34,16.29,Cortado:3:5.43,3
1053,2270,100,2024-11-01 18:27:18,4.12,Frappe Latte:1:4.12,1
4201,7399,101,2024-11-02 05:03:14,4.67,Eggnog Latte:1:4.67,1
3861,4303,100,2024-11-04 08:13:57,2.64,Single Espresso Ristretto:1:2.64,1
1724,8212,102,2024-11-07 08:56:31,5.42,Matcha Latte:1:5.42,1
1314,2419,100,2024-11-05 04:49:20,5.61,Cold Brew:1:5.61,1
1510,3463,101,2024-11-02 08:06:24,5.43,Cortado:1:5.43,1
2903,6570,100,2024-11-04 04:19:14,4.63,Butter Crumb Cake:1:4.63,1
2350,9898,104,2024-11-04 22:07:33,5.51,Madeleines:1:5.51,1
3792,7036,104,2024-11-04 16:15:52,2.89,Hot Chocolate:1:2.89,1
4666,3351,102,2024-11-04 22:36:47,4.1,Cappuccino:1:4.1,1
8255,2347,101,2024-11-07 18:54:58,4.14,Mocha:1:4.14,1
8441,5887,102,2024-11-07 08:46:09,4.58,Blueberry Overnight Oats:1:4.58,1
3761,2495,100,2024-11-01 04:25:19,23.06,Espresso Con Panna:5:4.09;Iced Americano:1:2.61,6
5236,7224,100,2024-11-06 00:33:19,13.74,Blueberry Overnight Oats:3:4.58,3
4401,1059,103,2024-11-05 02:06:53,2.84,Cinnamon Bun:1:2.84,1
5081,6217,104,2024-11-01 04:55:07,5.51,Madeleines:1:5.51,1
2253,6994,101,2024-11-05 02:57:48,4.63,Butter Crumb Cake:1:4.63,1
8373,1738,101,2024-11-06 09:29:16,4.81,Brewed Coffee:1:4.81,1
6435,7554,102,2024-11-01 12:15:15,5.51,Madeleines:1:5.51,1
1195,3295,104,2024-11-06 22:54:01,5.19,Butter Croissant:1:5.19,1
9648,9363,104,2024-11-05 10:40:33,5.61,Cold Brew:1:5.61,1
9237,8800,103,2024-11-04 16:52:09,5.57,Americano:1:5.57,1
1109,7659,101,2024-11-06 18:40:52,5.44,Apple Cider Donut:1:5.44,1
1816,9942,104,2024-11-02 22:10:31,4.1,Cappuccino:1:4.1,1
1471,1098,104,2024-11-03 08:16:54,5.57,Americano:1:5.57,1
8013,1465,101,2024-11-04 11:49:05,5.47,Pistachio Frappe Latte:1:5.47,1
7066,6086,102,2024-11-07 07:40:34,7.88,Tiramisu Latte:2:3.94,2
3789,7685,101,2024-11-04 02:48:40,5.51,Madeleines:1:5.51,1
4677,8766,104,2024-11-04 22:50:52,4.58,Blueberry Overnight Oats:1:4.58,1
4653,7457,103,2024-11-04 11:38:05,20.7,Mocha:5:4.14,5
5134,9587,102,2024-11-05 19:28:56,5.42,Matcha Latte:1:5.42,1
6137,8162,100,2024-11-02 22:54:16,2.89,Hot Chocolate:1:2.89,1
1576,3290,103,2024-11-07 19:15:50,5.19,Butter Croissant:1:5.19,1
5591,9287,101,2024-11-05 19:07:17,3.18,Caramel Frappe Latte:1:3.18,1
3255,6042,103,2024-11-05 10:43:20,4.81,Brewed Coffee:1:4.81,1
5685,1159,104,2024-11-06 19:58:03,10.74,Strawberry Cheesecake Crown:1:5.39;Modern Oats Oatmeal:1:5.35,2
7609,8587,100,2024-11-06 02:26:52,13.32,Pain Au Raisin:4:3.33,4
5706,1306,102,2024-11-04 16:36:27,7.99,Veggie & Cheddar Frittata:1:3.23;Pain Au Chocolate:1:4.76,2
8975,6975,101,2024-11-02 20:33:38,5.15,Red Velvet Hot Chocolate:1:5.15,1
1696,4074,103,2024-11-03 07:53:30,2.64,Single Espresso Ristretto:1:2.64,1
6972,1574,100,2024-11-06 20:32:40,10.18,Madeleines:1:5.51;Eggnog Latte:1:4.67,2
8882,8333,101,2024-11-03 01:46:49,8.78,Caramel Latte:1:4.11;Eggnog Latte:1:4.67,2
2764,6805,100,2024-11-06 14:55:46,5.19,Butter Croissant:1:5.19,1
6929,3078,102,2024-11-07 10:50:02,20.7,Caramel Apple Bread:5:4.14,5
9012,8212,104,2024-11-01 01:21:33,2.84,Cold Foam Cold Brew:1:2.84,1
9373,6767,102,2024-11-06 22:50:57,5.49,Fresh Grapes:1:5.49,1
4756,9262,102,2024-11-06 02:56:43,2.64,Single Espresso Ristretto:1:2.64,1
1822,2301,103,2024-11-07 19:29:39,3.34,Mocha Frappe Latte:1:3.34,1
5444,3647,104,2024-11-02 04:39:22,5.11,Vegan Breakfast Roll:1:5.11,1
1031,7328,104,2024-11-03 18:12:15,9.32,Hot Apple Cider:1:3.71;Cold Brew:1:5.61,2
4020,7344,104,2024-11-02 17:00:18,21.35,Almond Croissant:5:4.27,5
2534,1677,100,2024-11-02 09:07:37,4.1,Cappuccino:1:4.1,1
1096,6585,103,2024-11-06 22:20:48,6.68,Mocha Frappe Latte:2:3.34,2
4703,3413,100,2024-11-06 20:26:58,4.09,Espresso Con Panna:1:4.09,1
9366,3323,101,2024-11-01 06:04:38,9.68,Caramel Latte:1:4.11;Americano:1:5.57,2
3192,6142,104,2024-11-05 17:00:54,5.56,Sausage & Cheddar Frittata:1:5.56,1
4503,7987,103,2024-11-07 03:24:37,5.19,Butter Croissant:1:5.19,1
6065,2854,103,2024-11-03 11:02:24,4.09,Espresso Con Panna:1:4.09,1
2685,4354,101,2024-11-05 21:08:02,5.11,Vegan Breakfast Roll:1:5.11,1
7972,4215,101,2024-11-01 03:15:50,9.32,Chai Latte:2:4.66,2
1621,7573,102,2024-11-01 08:42:43,15.61,Ham & Cheese Croissant:1:4.95;Bacon Breakfast Roll:1:5.05;Cold Brew:1:5.61,3
8728,4943,101,2024-11-06 17:22:03,4.76,Pain Au Chocolate:1:4.76,1
8454,1781,103,2024-11-05 21:50:11,5.39,Strawberry Cheesecake Crown:1:5.39,1
2695,4073,101,2024-11-02 00:47:15,7.86,Sausage Breakfast Roll:3:2.62,3
1545,3088,100,2024-11-06 13:25:57,21.14,Americano:1:5.57;Cortado:1:5.43;Iced Latte:1:4.7;Apple Cider Donut:1:5.44,4
5644,4314,103,2024-11-06 01:47:54,4.14,Caramel Apple Bread:1:4.14,1
7550,6536,101,2024-11-05 11:39:07,2.95,Hot Tea:1:2.95,1
1041,9865,102,2024-11-07 19:36:04,4.87,Caramel Apple Yogurt:1:4.87,1
1013,3719,103,2024-11-07 07:55:45,3.18,Caramel Frappe Latte:1:3.18,1
9535,3948,104,2024-11-02 05:36:58,2.65,Yogurt Parfait:1:2.65,1
3400,2218,100,2024-11-07 12:57:04,5.19,Butter Croissant:1:5.19,1
8895,4943,100,2024-11-07 16:41:42,5.35,Modern Oats Oatmeal:1:5.35,1
5400,4719,101,2024-11-07 03:16:13,2.62,Sausage Breakfast Roll:1:2.62,1
1776,2658,102,2024-11-04 18:01:55,3.23,Veggie & Cheddar Frittata:1:3.23,1
1234,2435,104,2024-11-01 06:46:22,3.33,Pain Au Raisin:1:3.33,1
3559,7782,100,2024-11-04 03:47:46,4.67,Eggnog Latte:1:4.67,1
5325,3155,104,2024-11-03 20:39:03,2.73,Espresso:1:2.73,1
8707,3798,102,2024-11-01 09:14:36,4.76,Pain Au Chocolate:1:4.76,1
1220,6245,100,2024-11-07 08:52:01,4.14,Caramel Apple Bread:1:4.14,1
2921,9741,100,2024-11-04 07:39:58,2.65,Yogurt Parfait:1:2.65,1
9960,4198,100,2024-11-03 10:55:26,3.33,Pain Au Raisin:1:3.33,1
9542,4307,102,2024-11-07 21:19:36,5.49,Fresh Grapes:1:5.49,1
5021,7719,100,2024-11-07 18:07:15,5.94,Cinnamon Swirl Bread:1:5.94,1
7045,9836,101,2024-11-02 20:19:06,5.56,Sausage & Cheddar Frittata:1:5.56,1
7099,7469,102,2024-11-01 22:17:49,4.09,Espresso Con Panna:1:4.09,1
4986,2302,104,2024-11-05 03:09:20,4.67,Eggnog Latte:1:4.67,1
5142,2589,104,2024-11-05 06:40:16,21.35,Almond Croissant:5:4.27,5
7786,6374,102,2024-11-05 17:02:01,5.94,Cinnamon Swirl Bread:1:5.94,1
2797,2803,100,2024-11-01 00:03:27,17.11,Pain Au Raisin:4:3.33;Espresso Macchiato:1:3.79,5
4512,2602,103,2024-11-03 01:14:29,2.84,Cinnamon Bun:1:2.84,1
6825,2871,102,2024-11-07 02:05:34,4.8,Iced Mocha:1:4.8,1
6145,8790,101,2024-11-03 20:49:49,5.49,Flat White:1:5.49,1
8197,4009,104,2024-11-01 09:43:31,6.54,Hard Boiled Eggs:1:2.73;Roasted Tomato Breakfast Roll:1:3.81,2
9710,6321,101,2024-11-02 02:37:30,7.83,Iced Americano:3:2.61,3
7448,8946,102,2024-11-03 16:09:55,2.95,Hot Tea:1:2.95,1
4861,8776,102,2024-11-02 08:15:34,8.69,Mocha Frappe Latte:1:3.34;Modern Oats Oatmeal:1:5.35,2
2488,3765,102,2024-11-07 05:01:09,10.88,Apple Cider Donut:2:5.44,2
9944,7205,101,2024-11-06 18:42:53,5.56,Sausage & Cheddar Frittata:1:5.56,1
6853,5164,104,2024-11-06 00:25:32,8.54,Almond Croissant:2:4.27,2
9657,8649,103,2024-11-03 00:31:52,14.32,Cappuccino:1:4.1;Vegan Breakfast Roll:2:5.11,3
8948,3563,103,2024-11-06 22:55:55,9.16,Blueberry Overnight Oats:2:4.58,2
9916,2547,102,2024-11-05 22:50:45,9.6,Iced Mocha:2:4.8,2
5934,3656,102,2024-11-02 19:41:12,2.89,Hot Chocolate:1:2.89,1
4715,3813,103,2024-11-03 06:04:47,2.64,Single Espresso Ristretto:1:2.64,1
5128,5470,103,2024-11-01 02:00:27,5.56,Sausage & Cheddar Frittata:1:5.56,1
3364,8494,101,2024-11-01 05:37:07,12.46,Blueberry Overnight Oats:1:4.58;Tiramisu Latte:2:3.94,3
6519,4296,101,2024-11-05 07:52:37,3.79,Espresso Macchiato:1:3.79,1
7595,9267,100,2024-11-01 14:39:25,4.87,Caramel Apple Yogurt:1:4.87,1
8402,5338,104,2024-11-04 09:31:51,7.58,Espresso Macchiato:2:3.79,2
7927,5523,102,2024-11-03 05:55:11,11.01,Americano:1:5.57;Apple Cider Donut:1:5.44,2
1072,7891,104,2024-11-04 04:17:03,4.1,Cappuccino:1:4.1,1
8597,8186,101,2024-11-04 02:58:33,20.5,Cappuccino:5:4.1,5
1435,2301,100,2024-11-04 12:01:00,5.35,Modern Oats Oatmeal:1:5.35,1
9326,4226,100,2024-11-06 19:11:16,14.92,Pain Au Chocolate:1:4.76;Brewed Coffee:1:4.81;Modern Oats Oatmeal:1:5.35,3
5443,2839,100,2024-11-04 19:33:24,4.7,Iced Latte:1:4.7,1
5586,6214,100,2024-11-03 04:45:37,4.7,Iced Latte:1:4.7,1
9288,9332,102,2024-11-06 05:57:39,19.2,Iced Mocha:4:4.8,4
9009,4747,104,2024-11-01 16:14:14,4.11,Caramel Latte:1:4.11,1
1180,4083,101,2024-11-06 16:32:38,5.11,Vegan Breakfast Roll:1:5.11,1
3186,3669,103,2024-11-04 10:32:41,9.4,Iced Latte:2:4.7,2
4912,7666,104,2024-11-05 06:44:38,21.1,Brewed Coffee:1:4.81;Ham & Cheese Croissant:2:4.95;Veggie & Cheddar Frittata:1:3.23;Cinnamon Kouign Amann:1:3.16,5
2886,4234,103,2024-11-04 07:21:15,2.73,Hard Boiled Eggs:1:2.73,1
1503,5630,100,2024-11-07 04:42:20,9.85,Red Velvet Hot Chocolate:1:5.15;Iced Latte:1:4.7,2
6494,3369,102,2024-11-01 09:00:46,4.87,Caramel Apple Yogurt:1:4.87,1
4538,1507,103,2024-11-07 21:04:41,11.17,Veggie & Cheddar Frittata:1:3.23;Caramel Frappe Latte:1:3.18;Pain Au Chocolate:1:4.76,3
6550,4530,101,2024-11-03 11:08:23,5.56,Sausage & Cheddar Frittata:1:5.56,1
8135,3586,104,2024-11-01 07:25:21,4.1,Cappuccino:1:4.1,1
7995,6785,101,2024-11-05 16:23:30,15.28,Blueberry Overnight Oats:1:4.58;Modern Oats Oatmeal:2:5.35,3
4423,6581,102,2024-11-04 08:52:26,5.61,Cold Brew:1:5.61,1
4304,7933,100,2024-11-06 03:16:36,12.12,Yogurt Parfait:1:2.65;Frappe Latte:1:4.12;Modern Oats Oatmeal:1:5.35,3
4591,6289,100,2024-11-06 16:46:20,3.79,Espresso Macchiato:1:3.79,1
1067,5311,102,2024-11-07 22:57:15,5.43,Cortado:1:5.43,1
8275,8940,102,2024-11-03 04:43:23,4.81,Brewed Coffee:1:4.81,1
2242,9891,101,2024-11-02 09:26:31,9.55,Cold Brew:1:5.61;Tiramisu Latte:1:3.94,2
8420,8212,104,2024-11-01 03:34:01,5.15,Red Velvet Hot Chocolate:1:5.15,1
3246,9692,103,2024-11-02 11:22:08,5.65,Café au Lait:1:5.65,1
5278,8581,103,2024-11-04 09:47:54,5.61,Cold Brew:1:5.61,1
8325,3602,101,2024-11-04 22:14:05,2.73,Hard Boiled Eggs:1:2.73,1
2531,4843,104,2024-11-01 20:31:28,28.73,Iced Americano:1:2.61;Caramel Apple Bread:2:4.14;Matcha Latte:1:5.42;Caramel Apple Bread:3:4.14,7
9738,6627,101,2024-11-01 16:10:04,30.02,Madeleines:1:5.51;Strawberry Cheesecake Crown:4:5.39;Hot Tea:1:2.95,6
3889,3792,103,2024-11-07 05:57:30,5.39,Strawberry Cheesecake Crown:1:5.39,1
2803,2636,103,2024-11-03 19:31:41,15.11,Madeleines:2:5.51;Espresso Con Panna:1:4.09,3
5348,1564,101,2024-11-07 07:44:18,4.14,Caramel Apple Bread:1:4.14,1
8166,3793,102,2024-11-04 10:22:36,8.28,Apple Cider Donut:1:5.44;Cinnamon Bun:1:2.84,2
8897,2518,101,2024-11-05 03:07:40,11.37,Espresso Macchiato:3:3.79,3
5127,3234,103,2024-11-02 08:45:20,5.57,Americano:1:5.57,1
3124,3828,103,2024-11-06 13:44:47,23.3,Chai Latte:5:4.66,5
9107,5626,102,2024-11-02 06:13:52,5.57,Americano:1:5.57,1
2245,4563,103,2024-11-03 07:24:52,30.61,Veggie & Cheddar Frittata:1:3.23;Almond Croissant:4:4.27;Modern Oats Oatmeal:1:5.35;Ham & Cheese Croissant:1:4.95,7
2591,2248,103,2024-11-01 19:13:20,2.64,Single Espresso Ristretto:1:2.64,1
6216,6347,104,2024-11-04 16:53:52,7.6,Yogurt Parfait:1:2.65;Ham & Cheese Croissant:1:4.95,2
4745,7622,101,2024-11-04 09:12:46,5.49,Flat White:1:5.49,1
9060,8324,104,2024-11-05 00:10:23,4.67,Eggnog Latte:1:4.67,1
3342,9238,101,2024-11-07 02:34:33,5.44,Apple Cider Donut:1:5.44,1
1754,8430,100,2024-11-01 00:40:17,25.75,Red Velvet Hot Chocolate:5:5.15,5
1827,6223,102,2024-11-04 19:49:53,22.26,Hot Apple Cider:4:3.71;Iced Mocha:1:4.8;Sausage Breakfast Roll:1:2.62,6
9318,3738,103,2024-11-07 13:57:50,3.16,Cinnamon Kouign Amann:1:3.16,1
9720,7301,101,2024-11-01 02:30:29,4.12,Frappe Latte:1:4.12,1
3324,2425,101,2024-11-01 18:20:15,5.47,Pistachio Frappe Latte:1:5.47,1
4583,6190,104,2024-11-04 01:23:14,10.9,Hot Tea:1:2.95;Yogurt Parfait:3:2.65,4
1084,6886,104,2024-11-02 16:26:46,5.39,Strawberry Cheesecake Crown:1:5.39,1
7650,7535,104,2024-11-01 20:05:08,3.71,Hot Apple Cider:1:3.71,1
2306,4602,104,2024-11-04 13:50:31,13.34,Hot Chocolate:3:2.89;Eggnog Latte:1:4.67,4
4257,8117,101,2024-11-07 15:01:26,5.49,Fresh Grapes:1:5.49,1
7299,6991,104,2024-11-06 19:36:31,4.09,Espresso Con Panna:1:4.09,1
3105,2098,104,2024-11-02 03:25:01,4.09,Espresso Con Panna:1:4.09,1
4540,2767,100,2024-11-01 02:56:05,4.66,Chai Latte:1:4.66,1
2867,2151,103,2024-11-04 19:05:36,18.32,Blueberry Overnight Oats:4:4.58,4
3985,2647,103,2024-11-05 10:54:30,27.45,Eggnog Latte:5:4.67;Cappuccino:1:4.1,6
7589,1681,104,2024-11-03 17:32:25,2.84,Cold Foam Cold Brew:1:2.84,1
5382,2712,102,2024-11-06 03:33:58,4.63,Butter Crumb Cake:1:4.63,1
7761,5215,103,2024-11-05 22:31:12,5.19,Butter Croissant:1:5.19,1
4864,4678,103,2024-11-04 04:08:20,2.62,Sausage Breakfast Roll:1:2.62,1
6664,3573,101,2024-11-03 03:01:00,12.02,Espresso:1:2.73;Caramel Apple Bread:1:4.14;Red Velvet Hot Chocolate:1:5.15,3
8084,1138,103,2024-11-06 06:12:43,5.56,Sausage & Cheddar Frittata:1:5.56,1
8301,7357,103,2024-11-02 12:04:54,2.73,Espresso:1:2.73,1
8294,2448,102,2024-11-06 19:05:49,2.84,Cold Foam Cold Brew:1:2.84,1
6786,6632,103,2024-11-04 21:53:15,3.64,White Chocolate Mocha:1:3.64,1
7367,2230,101,2024-11-07 07:30:04,4.87,Caramel Apple Yogurt:1:4.87,1
1644,5657,104,2024-11-03 16:01:42,9.26,Caramel Latte:1:4.11;Red Velvet Hot Chocolate:1:5.15,2
4953,4090,101,2024-11-03 21:37:22,2.62,Sausage Breakfast Roll:1:2.62,1
7224,4364,101,2024-11-05 10:53:30,4.11,Caramel Latte:1:4.11,1
5317,3669,102,2024-11-07 00:15:11,2.89,Hot Chocolate:1:2.89,1
4239,4711,101,2024-11-05 11:46:15,4.81,Brewed Coffee:1:4.81,1
7407,5268,104,2024-11-04 21:26:47,3.79,Espresso Macchiato:1:3.79,1
8203,1943,103,2024-11-05 16:08:04,11.3,Café au Lait:2:5.65,2
6593,6952,103,2024-11-07 20:10:12,32.6,Pain Au Chocolate:2:4.76;Hard Boiled Eggs:1:2.73;Hot Chocolate:2:2.89;Strawberry Cheesecake Crown:2:5.39;Espresso Macchiato:1:3.79,8
9220,9628,104,2024-11-01 12:16:11,2.64,Single Espresso Ristretto:1:2.64,1
1016,7755,101,2024-11-04 08:44:02,13.4,Tiramisu Latte:1:3.94;Chai Latte:1:4.66;Iced Mocha:1:4.8,3
7222,3699,100,2024-11-02 19:01:06,3.33,Pain Au Raisin:1:3.33,1
1956,2458,103,2024-11-06 18:26:13,12.23,Hot Apple Cider:2:3.71;Brewed Coffee:1:4.81,3
3225,4873,102,2024-11-07 12:43:25,16.83,Cold Brew:3:5.61,3
8423,8622,101,2024-11-07 11:41:07,5.19,Butter Croissant:1:5.19,1
5145,3897,103,2024-11-01 09:04:13,3.94,Tiramisu Latte:1:3.94,1
6968,7446,104,2024-11-05 04:14:37,5.43,Cortado:1:5.43,1
2052,6178,101,2024-11-07 08:01:28,5.49,Flat White:1:5.49,1
2431,9139,104,2024-11-07 15:52:57,4.12,Frappe Latte:1:4.12,1
9047,6152,102,2024-11-07 12:06:01,5.56,Sausage & Cheddar Frittata:1:5.56,1
6118,9692,103,2024-11-07 15:51:46,24.53,Chai Latte:1:4.66;Sausage & Cheddar Frittata:1:5.56;Frappe Latte:1:4.12;Iced Mocha:1:4.8;Strawberry Cheesecake Crown:1:5.39,5
9385,9140,102,2024-11-02 14:56:27,4.67,Eggnog Latte:1:4.67,1
7909,5194,104,2024-11-04 03:57:34,3.64,White Chocolate Mocha:1:3.64,1
7984,7438,103,2024-11-04 05:30:27,5.42,Matcha Latte:1:5.42,1
7741,6339,103,2024-11-01 12:55:39,4.67,Eggnog Latte:1:4.67,1
7359,2506,100,2024-11-02 21:17:08,4.1,Cappuccino:1:4.1,1
9207,9408,102,2024-11-02 12:08:12,3.79,Espresso Macchiato:1:3.79,1
7029,3933,100,2024-11-06 19:54:36,4.22,Latte:1:4.22,1
5168,5122,103,2024-11-04 18:28:00,5.11,Vegan Breakfast Roll:1:5.11,1
9977,9872,102,2024-11-06 01:23:00,5.65,Café au Lait:1:5.65,1
3845,8716,100,2024-11-07 04:39:40,9.48,Cinnamon Kouign Amann:3:3.16,3
7233,4879,102,2024-11-07 21:34:55,5.42,Matcha Latte:1:5.42,1
6852,8800,101,2024-11-02 12:52:34,4.22,Latte:1:4.22,1
5197,5619,100,2024-11-05 03:25:42,17.78,Espresso Con Panna:3:4.09;Madeleines:1:5.51,4
3310,9744,100,2024-11-06 12:38:01,3.94,Tiramisu Latte:1:3.94,1
6341,2821,104,2024-11-05 02:40:50,4.76,Pain Au Chocolate:1:4.76,1
6337,6431,100,2024-11-02 00:41:39,10.98,Flat White:2:5.49,2
9811,8398,104,2024-11-02 11:42:31,2.61,Iced Americano:1:2.61,1
2916,3703,101,2024-11-07 11:27:30,4.1,Cappuccino:1:4.1,1
8933,7248,103,2024-11-07 01:18:58,30.59,Espresso Macchiato:1:3.79;Flat White:1:5.49;Cold Brew:1:5.61;Pain Au Chocolate:1:4.76;Pistachio Frappe Latte:2:5.47,6
2912,5304,100,2024-11-05 16:00:30,3.23,Veggie & Cheddar Frittata:1:3.23,1
5294,1369,102,2024-11-05 08:13:39,3.71,Hot Apple Cider:1:3.71,1
4216,7066,104,2024-11-03 18:04:16,4.87,Caramel Apple Yogurt:1:4.87,1
2564,2012,101,2024-11-02 13:32:21,5.47,Pistachio Frappe Latte:1:5.47,1
4822,1246,100,2024-11-04 07:27:01,34.37,Espresso Con Panna:4:4.09;Caramel Frappe Latte:1:3.18;Caramel Latte:1:4.11;Cold Brew:1:5.61;Vegan Breakfast Roll:1:5.11,8
2018,2144,102,2024-11-01 22:38:30,3.79,Espresso Macchiato:1:3.79,1
8751,2016,103,2024-11-03 13:23:38,4.14,Caramel Apple Bread:1:4.14,1
7556,9886,100,2024-11-03 12:40:37,5.51,Madeleines:1:5.51,1
5945,5190,100,2024-11-01 22:34:06,4.67,Eggnog Latte:1:4.67,1
4600,2247,102,2024-11-07 08:57:50,2.64,Single Espresso Ristretto:1:2.64,1
4253,2557,104,2024-11-03 05:47:08,21.4,Modern Oats Oatmeal:4:5.35,4
3776,9793,103,2024-11-01 08:33:31,4.09,Espresso Con Panna:1:4.09,1
1625,6657,100,2024-11-04 07:12:03,5.65,Café au Lait:1:5.65,1
3523,2983,100,2024-11-06 01:47:27,4.14,Mocha:1:4.14,1
1677,9405,104,2024-11-04 21:30:39,10.92,White Chocolate Mocha:3:3.64,3
6458,5657,100,2024-11-06 02:15:55,10.48,Sausage Breakfast Roll:4:2.62,4
4996,4648,101,2024-11-05 14:04:52,2.62,Sausage Breakfast Roll:1:2.62,1
4464,6767,104,2024-11-04 09:38:56,3.16,Cinnamon Kouign Amann:1:3.16,1
6258,9287,101,2024-11-06 03:05:31,5.43,Cortado:1:5.43,1
9838,1239,104,2024-11-05 07:24:55,4.22,Latte:1:4.22,1
8792,3844,101,2024-11-02 06:55:11,4.66,Chai Latte:1:4.66,1
5239,5820,102,2024-11-01 12:40:19,5.43,Cortado:1:5.43,1
9462,6752,100,2024-11-06 07:20:10,8.18,Espresso Con Panna:2:4.09,2
2512,7736,102,2024-11-07 09:43:07,11.55,Cold Brew:1:5.61;Cinnamon Swirl Bread:1:5.94,2
4400,4013,100,2024-11-07 19:35:16,5.49,Fresh Grapes:1:5.49,1
1449,8940,101,2024-11-03 18:09:34,2.73,Espresso:1:2.73,1
